time,headset_vel.x,headset_vel.y,headset_vel.z,headset_angularVel.x,headset_angularVel.y,headset_angularVel.z,headset_pos.x,headset_pos.y,headset_pos.z,headset_rot.x,headset_rot.y,headset_rot.z,controller_left_vel.x,controller_left_vel.y,controller_left_vel.z,controller_left_angularVel.x,controller_left_angularVel.y,controller_left_angularVel.z,controller_left_pos.x,controller_left_pos.y,controller_left_pos.z,controller_left_rot.x,controller_left_rot.y,controller_left_rot.z,controller_right_vel.x,controller_right_vel.y,controller_right_vel.z,controller_right_angularVel.x,controller_right_angularVel.y,controller_right_angularVel.z,controller_right_pos.x,controller_right_pos.y,controller_right_pos.z,controller_right_rot.x,controller_right_rot.y,controller_right_rot.z
0.443,0.003800823,0.0009934586,-0.004471765,0.0061113,-0.005193295,0.01004156,0.08733648,0.3236114,0.6368841,7.132315,4.222922,359.8197,2.505178E-05,8.656828E-05,-0.0001089892,-0.002237298,0.001865585,-0.0004880601,0.2504151,0.6671559,0.6199787,31.60205,249.7775,304.043,0.009224577,-0.00609627,-0.00697651,-0.03761693,-0.0807729,-0.03872587,0.06541497,-0.09560968,0.8083701,16.35665,46.6235,15.42327,
12.7,0.003950942,0.000241476,-0.00480682,-0.0009630771,-0.01244533,0.01352751,0.08739995,0.3235908,0.6368071,7.147541,4.240915,359.8014,8.120691E-06,0.0001732868,-9.700721E-05,-0.002446884,0.006531826,-0.005808747,0.2504156,0.6671562,0.6199804,31.59899,249.7755,304.0385,0.010725,-0.01892579,-0.00212971,-0.006830103,-0.1010941,0.04864394,0.06558788,-0.09594512,0.8084888,16.49982,46.70866,15.41759,
24.903,0.004164676,-0.0001029209,-0.004677491,-0.001198768,-0.01422821,0.01196198,0.08747698,0.3235788,0.636747,7.150472,4.253066,359.7919,4.488077E-06,7.170973E-05,-4.338846E-05,-0.0004160824,0.006271189,-0.005271789,0.2504155,0.6671564,0.6199837,31.59686,249.7729,304.0305,0.006926084,-0.01645445,0.00134977,-0.06835335,-0.05333233,0.03089753,0.06557985,-0.09600882,0.8085232,16.50541,46.72433,15.50307,
38.291,0.00436785,-0.0001826949,-0.004164592,0.002348231,-0.01520091,0.006740375,0.08755554,0.3235716,0.6367033,7.141914,4.266549,359.791,-1.296587E-05,0.0001114321,-9.941818E-06,-0.001037865,0.003492359,-0.004245637,0.2504152,0.6671564,0.6199852,31.59582,249.7705,304.0247,0.007151085,-0.01515315,0.00280054,-0.1132667,-0.06249553,0.03966172,0.06568824,-0.09622371,0.8086855,16.56735,46.82019,15.66803,
52.591,0.004669769,-0.0001605675,-0.003739771,0.004209432,-0.01026797,0.004474275,0.08762806,0.3235599,0.6366553,7.134315,4.266747,359.7896,0.0001133468,-0.0001316793,-0.000270783,-0.0007630482,0.004721778,0.003634434,0.2504149,0.6671564,0.6199855,31.59631,249.7699,304.0238,0.005759082,-0.01791163,0.006820675,0.02725812,-0.05225253,0.1299297,0.06587072,-0.09629361,0.8087881,16.75202,46.7464,15.539,
66.52,0.004593293,-0.0007269183,-0.003336773,0.003586013,-0.01019636,0.0001257078,0.08768959,0.3235246,0.6366131,7.130742,4.276292,359.7963,-7.671741E-05,-0.0001211368,0.0002726039,0.002779,-0.01307438,0.006787006,0.2504153,0.6671563,0.6199834,31.59742,249.7754,304.0322,0.007779652,-0.01074051,0.003815187,0.124061,-0.04192842,0.1078498,0.06617992,-0.09632265,0.8085824,16.8443,46.67148,15.328,
80.774,0.005025008,-0.001653891,-0.003504535,0.0006167043,-0.00942881,0.00187152,0.08777319,0.3234731,0.6365645,7.134981,4.281111,359.792,6.46212E-05,8.902858E-05,-0.0002240789,-0.0046587,-0.003352549,0.006175923,0.2504157,0.6671563,0.6199812,31.59833,249.7762,304.0377,0.01126665,-0.003053614,-0.001896143,0.1739257,-0.05466707,0.09019662,0.06641233,-0.09606645,0.808564,16.94478,46.63716,15.0961,
94.074,0.005223216,-0.002582068,-0.003743492,-0.004300354,-0.01901379,0.005540987,0.08785314,0.3234107,0.6365185,7.153886,4.32126,359.7803,0.0001703885,-0.0001690699,-0.0004192502,-0.002560693,0.002284869,0.009270891,0.250416,0.6671561,0.6199781,31.60049,249.7773,304.0457,0.01000017,0.008846823,-0.01019495,0.3030601,-0.002186283,-5.572685E-05,0.06666994,-0.09572272,0.8074517,16.83151,46.42765,14.51576,
109.332,0.005642446,-0.003060234,-0.003960175,-0.01134096,-0.02522095,0.009316701,0.08794405,0.3233516,0.6364663,7.175231,4.337992,359.7548,-0.0001767621,0.0003128976,0.0003766054,-0.00216412,-0.01459529,-0.0002826544,0.2504176,0.6671566,0.6199769,31.59715,249.7816,304.0533,0.009500092,0.01972101,-0.01732749,0.2693829,-0.01140963,-0.07064023,0.06681827,-0.09537409,0.8076808,16.67203,46.46619,14.34532,
123.322,0.005924662,-0.003319169,-0.003922068,-0.01348692,-0.02624271,0.009351708,0.08802302,0.3232827,0.6364106,7.18483,4.357634,359.758,2.119427E-05,0.0005523139,-0.0002954055,-0.009348277,0.01117198,-0.01085765,0.2504188,0.6671572,0.6199785,31.59145,249.7757,304.0449,0.00162206,0.0234217,-0.01269766,0.1278585,0.05156992,-0.09698379,0.06642258,-0.09586766,0.807337,16.54382,46.43971,14.51666,
136.298,0.006115171,-0.003597226,-0.004149402,-0.0149274,-0.02438329,0.006721879,0.08810355,0.3232094,0.6363451,7.200309,4.375189,359.7618,1.284828E-05,0.0003689533,-0.0001934029,-0.003652889,0.02169323,-0.01902795,0.2504192,0.6671578,0.6199858,31.58375,249.7664,304.0206,0.002784193,0.006782758,-0.0008874644,0.03884012,-0.007416894,0.01733189,0.06657565,-0.09565081,0.8078041,16.69843,46.54913,14.66905,
150.597,0.005825305,-0.004236314,-0.004263361,-0.01449334,-0.02857138,0.009971245,0.08817194,0.3231346,0.6362877,7.216841,4.402224,359.7388,-0.0001540201,0.0005154999,0.0002256309,-0.002331442,0.01079919,-0.02087875,0.2504198,0.6671587,0.6199946,31.57402,249.7601,303.9994,-0.008708445,0.008479449,0.01012181,-0.1528916,0.07458361,0.006403025,0.06623302,-0.09540545,0.8079773,16.67099,46.48819,14.94966,
164.751,0.00601435,-0.004517562,-0.004899343,-0.01931848,-0.02600792,0.01360441,0.08825868,0.3230674,0.6362066,7.241562,4.411831,359.72,-6.00238E-05,0.0004732355,-2.713935E-05,-0.00370019,0.01777899,-0.02072126,0.2504207,0.6671595,0.6200026,31.56435,249.751,303.9763,-0.01085718,0.01213857,0.006711894,-0.2028493,0.05481942,-0.06495713,0.06588872,-0.09521274,0.8081635,16.51248,46.59854,15.2597,
176.415,0.006036216,-0.004843414,-0.00554949,-0.02036578,-0.02600461,0.01376253,0.08833715,0.3229926,0.6361129,7.258843,4.432772,359.7143,-0.0001058273,0.0002476183,0.0002004054,0.001150894,0.01144127,-0.01706307,0.2504211,0.6671603,0.6200104,31.55719,249.7455,303.9576,-0.01171418,0.01128331,0.006128184,-0.1430303,0.06085877,-0.06039731,0.06603523,-0.09533562,0.8081837,16.47985,46.56657,15.23436,
191.614,0.005567288,-0.005190476,-0.006143212,-0.02318385,-0.0288773,0.01672326,0.08839156,0.3229099,0.6360104,7.290886,4.451267,359.6948,-2.67182E-05,0.0002527943,-2.97652E-05,-0.003689629,0.0009778729,-0.003756588,0.2504214,0.6671606,0.6200141,31.55364,249.7421,303.9504,-0.007151526,0.005159452,0.004234353,-0.07225171,0.01559591,-0.01680479,0.06602515,-0.09532695,0.8080331,16.54303,46.56824,15.15546,
205.419,0.005416632,-0.004912378,-0.007061533,-0.02192151,-0.02477542,0.01767267,0.08845598,0.3228488,0.6358849,7.308464,4.465827,359.6829,5.939201E-05,-3.965061E-05,-0.0001544574,-0.001407913,-3.048137E-05,0.003805876,0.2504219,0.6671607,0.6200136,31.55312,249.7433,303.9526,-0.003240433,0.0006515009,0.001217776,-0.008094401,-0.007787014,0.006662803,0.0660256,-0.09534975,0.8080353,16.55886,46.5692,15.13374,
219.168,0.004992777,-0.004371088,-0.007778538,-0.01731686,-0.02471196,0.01254616,0.08850297,0.322809,0.6357634,7.299959,4.47814,359.6783,2.243604E-05,-3.461951E-05,-5.004757E-05,-0.001837753,-0.009451252,0.009282551,0.2504224,0.6671607,0.6200113,31.55378,249.7447,303.9602,-0.0007786593,-0.002473862,-0.001986681,0.04441824,-0.01870411,0.008758163,0.06602263,-0.09539659,0.8079807,16.57307,46.57053,15.09739,
233.294,0.004762336,-0.003463589,-0.009050343,-0.01390952,-0.02437403,0.006547169,0.08855126,0.3227913,0.6356097,7.306375,4.494974,359.6883,-1.39922E-05,1.744268E-05,3.296289E-05,-0.001859211,-0.01141384,0.008427937,0.2504238,0.6671609,0.6200071,31.55404,249.7495,303.9735,0.0008692332,-0.00599844,-0.002518346,0.06801798,-0.02854525,0.03010799,0.06608103,-0.0955057,0.8079159,16.61299,46.56363,15.01995,
247.417,0.004502773,-0.002632531,-0.01046143,-0.009816308,-0.02450351,-0.001921752,0.08858602,0.3227803,0.6354371,7.31241,4.526008,359.699,1.656372E-05,0.0003569906,-0.0001984698,-0.008142704,-0.003990321,0.002361584,0.2504254,0.6671613,0.6200054,31.55158,249.7509,303.9797,0.001274456,-0.007111997,-0.001375235,0.06270306,-0.02354104,0.04192505,0.06612858,-0.09559375,0.8078674,16.65516,46.55091,14.96693,
261.418,0.004281773,-0.001378607,-0.01211474,-0.005555759,-0.02350675,-0.002281578,0.08862376,0.3227969,0.6352319,7.305572,4.54509,359.699,-5.146653E-05,0.0006568257,-0.0001287065,-0.009392554,0.007256711,-0.01255527,0.2504275,0.6671621,0.6200064,31.54387,249.7481,303.9753,0.00170567,-0.005233926,-0.0009967315,0.03798449,-0.0242073,0.03433354,0.06615607,-0.09566234,0.807865,16.68089,46.55063,14.9474,
275.32,0.003962642,0.0002032842,-0.01427836,0.001209895,-0.02439456,-0.0001965838,0.0886627,0.3228505,0.634984,7.293674,4.553183,359.689,-7.770532E-05,0.00103372,-0.0002110884,-0.01387266,0.01714532,-0.02424462,0.2504304,0.6671637,0.6200145,31.52643,249.7365,303.9512,0.001998837,-0.00365593,-0.0008975504,0.02003422,-0.01744523,0.02357855,0.06618473,-0.09572449,0.8078582,16.70003,46.55009,14.93432,
289.273,0.003824025,0.0009850156,-0.01638724,0.01156566,-0.0275545,-0.002645057,0.08871731,0.3229015,0.6347108,7.267983,4.585095,359.6873,-0.0001765819,0.001514875,-0.0001266076,-0.01839063,0.02313164,-0.03763508,0.250434,0.6671658,0.6200272,31.50061,249.7182,303.9106,0.003184095,-0.004803254,-0.0014674,0.004636071,-0.02383576,0.02519119,0.06623257,-0.09581241,0.8078405,16.72631,46.55838,14.93003,
303.415,0.0036615,0.002227575,-0.01974186,0.02147929,-0.03183382,-0.0008694117,0.08874302,0.323013,0.6342357,7.228399,4.621138,359.671,-0.0001985852,0.001994126,-0.0002601326,-0.02489865,0.03334716,-0.04981619,0.2504392,0.667169,0.6200479,31.46209,249.6904,303.8461,0.004776618,-0.007275403,-0.002665836,0.008966571,-0.03145744,0.02840498,0.06631254,-0.09593361,0.8078064,16.76313,46.57154,14.92268,
316.352,0.003062746,0.00299728,-0.02322653,0.03491481,-0.03566964,0.002714905,0.08875681,0.323107,0.6337976,7.18575,4.64592,359.6523,-0.0002669798,0.002199921,-0.0001451334,-0.02695946,0.02973831,-0.05205122,0.2504447,0.6671723,0.6200669,31.42863,249.6696,303.7969,0.006357562,-0.01072951,-0.004481774,0.02100393,-0.04286506,0.03921624,0.06643134,-0.09611289,0.8077391,16.81863,46.59019,14.90025,
329.417,0.00242611,0.003739963,-0.02721533,0.04227424,-0.03572902,0.001554993,0.08874199,0.3231807,0.6332905,7.143468,4.677396,359.6454,-0.0002094545,0.002163378,-0.0002924213,-0.02875698,0.02729953,-0.04641447,0.2504503,0.6671752,0.6200827,31.4008,249.6518,303.7614,0.007790552,-0.01438508,-0.006164138,0.03550757,-0.05346352,0.05147932,0.0665878,-0.09635714,0.8076505,16.89148,46.60888,14.85824,
343.728,0.001607099,0.004262272,-0.03245931,0.04674129,-0.03399221,0.002462433,0.08873236,0.3232434,0.6326613,7.09836,4.698045,359.6305,-0.0001193727,0.001973272,-0.0004698996,-0.0285087,0.02654798,-0.0393736,0.2504571,0.6671786,0.6200984,31.3715,249.6327,303.7256,0.008698873,-0.01706853,-0.007170413,0.04273276,-0.0587421,0.06057493,0.06673134,-0.09660283,0.8075541,16.96335,46.62299,14.81585,
357.929,0.000795464,0.004606766,-0.0389815,0.04390609,-0.03116639,0.004780794,0.08869676,0.3233682,0.6318587,7.083374,4.715771,359.614,-0.0001706867,0.002092167,-0.0003677117,-0.03035501,0.01821284,-0.03635842,0.2504646,0.667182,0.620112,31.34028,249.6189,303.6985,0.009416315,-0.02075132,-0.008646511,0.05105614,-0.06755298,0.07272784,0.06690551,-0.0969576,0.8074117,17.06891,46.64125,14.75482,
372.467,-0.0004634494,0.005068735,-0.0467464,0.04058905,-0.03421875,0.004475084,0.08865999,0.3234656,0.6309364,7.049932,4.747112,359.6075,-0.0001711919,0.002539932,-0.000544213,-0.0390845,0.01651256,-0.03750624,0.2504748,0.6671864,0.620126,31.29769,249.6003,303.6678,0.009419749,-0.02495243,-0.0102656,0.05822913,-0.07282016,0.08775315,0.06709844,-0.09740818,0.8072171,17.199,46.65155,14.68078,
386.608,-0.001515324,0.006125916,-0.05560839,0.03937192,-0.03394093,0.00361995,0.08858845,0.3235956,0.6298754,7.02075,4.7761,359.5948,-0.000278149,0.002742666,-0.0003135323,-0.03870919,0.01820679,-0.04638093,0.2504837,0.6671902,0.6201382,31.25887,249.5844,303.6356,0.009512261,-0.02827801,-0.01176728,0.06224912,-0.07401062,0.09966806,0.06726,-0.09781602,0.8070188,17.32387,46.65419,14.61626,
400.174,-0.002756593,0.007510981,-0.06524516,0.05169109,-0.0392167,0.000256347,0.08850816,0.323743,0.6286427,6.951037,4.812186,359.5864,-0.0003443799,0.003491317,-0.0004154823,-0.048665,0.02796631,-0.06232034,0.2504956,0.6671954,0.620157,31.19645,249.5551,303.578,0.009534596,-0.03271614,-0.01435968,0.07705268,-0.08334412,0.1251825,0.06750473,-0.09836677,0.8066947,17.52149,46.64658,14.50685,
413.89,-0.003842777,0.01024658,-0.07698964,0.06992141,-0.03892576,-0.0003109807,0.08843208,0.3239777,0.6272087,6.854688,4.834341,359.5684,-0.0005054091,0.004723283,-0.0004243856,-0.06309518,0.04399165,-0.09153383,0.2505103,0.667202,0.6201833,31.09922,249.5086,303.4756,0.01071138,-0.03637485,-0.01683324,0.08578169,-0.09745708,0.1447954,0.06779476,-0.09894242,0.8063621,17.73634,46.65288,14.4002,
428.3,-0.004803713,0.01264382,-0.08820461,0.09208611,-0.03711812,-0.003362068,0.08834174,0.3242196,0.6255835,6.743998,4.853616,359.5559,-0.0005546253,0.005333631,-0.000497313,-0.07036906,0.05656375,-0.1077684,0.2505271,0.6672099,0.6202197,30.99878,249.4546,303.3552,0.01234079,-0.04163909,-0.02015375,0.118167,-0.1147761,0.1717612,0.06808478,-0.09952787,0.8059875,17.95722,46.63766,14.23982,
442.216,-0.0065485,0.0154921,-0.1017741,0.1084532,-0.04179439,-0.001662942,0.08818391,0.3245515,0.6237056,6.641091,4.891358,359.5195,-0.0005586026,0.005108591,-0.0003817533,-0.06792227,0.04496299,-0.09761003,0.2505424,0.667217,0.6202514,30.93951,249.4326,303.3024,0.01431223,-0.04932983,-0.02715478,0.1374915,-0.1503804,0.2110855,0.06837401,-0.1002179,0.805407,18.24792,46.65702,14.08586,
455.039,-0.008641873,0.01882196,-0.1178764,0.1185798,-0.04589297,0.007881965,0.08798214,0.3249693,0.6216138,6.547468,4.924826,359.4683,-0.0004301571,0.004282066,-0.000417854,-0.06303637,0.01017726,-0.0581462,0.2505666,0.667227,0.620284,30.89119,249.4276,303.3013,0.01433545,-0.05478752,-0.03449262,0.1272938,-0.1664107,0.2411674,0.06857809,-0.1008834,0.8046935,18.53417,46.67267,13.99395,
470.109,-0.01035947,0.02275238,-0.1325271,0.1194684,-0.04616639,0.01322767,0.08775821,0.3254713,0.6193376,6.449299,4.95984,359.4326,-0.0003138392,0.003273291,-0.0003564708,-0.05248111,-0.0139696,-0.02663258,0.2505839,0.6672333,0.6202949,30.85832,249.4286,303.3105,0.01209737,-0.05876616,-0.04799731,0.0898509,-0.1760909,0.262406,0.06870329,-0.1014308,0.8037312,18.829,46.71664,13.98673,
484.57,-0.01242891,0.02839279,-0.1492328,0.1421821,-0.04362961,0.00689695,0.08754012,0.326094,0.6167926,6.278848,4.974082,359.4203,-0.0001643743,0.002186331,-0.0003641172,-0.04071392,-0.03253624,0.002957929,0.2506016,0.6672391,0.6202937,30.82568,249.4378,303.3426,0.01394347,-0.05815502,-0.05943651,0.1369653,-0.1823868,0.2343998,0.06909545,-0.1020855,0.8026338,19.00757,46.72396,13.78511,
498.088,-0.01388697,0.03603348,-0.1648818,0.1723015,-0.03306209,-0.007646261,0.08730601,0.3268946,0.6140464,6.081818,4.982412,359.4235,-0.0001704817,0.00200931,-0.0002761198,-0.0379005,-0.03671335,0.006856886,0.2506137,0.6672428,0.620288,30.80091,249.449,303.3749,0.01797435,-0.05984442,-0.06849488,0.1887876,-0.2260768,0.2516682,0.06952873,-0.1026724,0.8014901,19.31669,46.76119,13.52418,
510.789,-0.01507495,0.04424994,-0.1806069,0.2181736,-0.0252773,-0.02439556,0.08706088,0.327774,0.6110399,5.819157,4.987367,359.4176,-0.0001918915,0.002387264,-0.0003543862,-0.0423739,-0.02655773,-0.004631009,0.2506277,0.6672471,0.6202821,30.76888,249.4554,303.3974,0.02087491,-0.06038375,-0.07943296,0.2348126,-0.2720513,0.2687055,0.06989406,-0.1032022,0.8000959,19.6608,46.81492,13.2253,
524.129,-0.01660401,0.05149577,-0.1960364,0.2655245,-0.03034523,-0.02458429,0.08676726,0.328704,0.6077839,5.532237,5.018258,359.3673,-0.0002619823,0.002557166,-0.0002123624,-0.04033723,-0.01154553,-0.02156134,0.2506415,0.6672517,0.6202841,30.73195,249.4545,303.3973,0.02122003,-0.05774958,-0.09269899,0.2719249,-0.298011,0.2658864,0.07020278,-0.1036362,0.7984935,19.96544,46.85533,12.90219,
538.421,-0.01845999,0.05933886,-0.2159687,0.2981099,-0.0445667,-0.008914811,0.08640949,0.3297259,0.6041923,5.26351,5.066703,359.2869,-0.0002902665,0.00275844,-0.0002006068,-0.04196057,-0.005571435,-0.02915685,0.2506554,0.6672565,0.6202906,30.68826,249.45,303.3896,0.01932979,-0.05288482,-0.1049539,0.2867919,-0.3041361,0.249718,0.07037526,-0.1039603,0.7967689,20.22343,46.89602,12.61287,
553.063,-0.02032106,0.06616284,-0.2357238,0.3121581,-0.05706767,-0.0007018158,0.08604098,0.3308626,0.6003137,5.007804,5.117697,359.2207,-0.0004869729,0.003047299,0.0002643021,-0.03978333,-0.003077347,-0.04448269,0.25067,0.667262,0.6203008,30.63695,249.4474,303.3718,0.01639299,-0.04612045,-0.1164555,0.282146,-0.3006936,0.223665,0.07049353,-0.1042067,0.7948543,20.43763,46.94658,12.36209,
567.834,-0.02219445,0.07316503,-0.2552277,0.3383812,-0.06339294,-0.004182404,0.08563457,0.3321225,0.5962273,4.687528,5.168447,359.1765,-0.0003154266,0.002566134,-4.427745E-05,-0.03730254,-0.005182458,-0.0299391,0.2506834,0.6672668,0.620311,30.60124,249.4441,303.363,0.01219442,-0.03761571,-0.1288259,0.2688522,-0.2952325,0.1935245,0.07052492,-0.1042562,0.7928076,20.62207,47.01327,12.14323,
581.842,-0.02380646,0.08053352,-0.2744277,0.3831067,-0.05955259,-0.02088181,0.08522549,0.3334126,0.5918696,4.281219,5.20795,359.1628,-0.000219394,0.001671799,1.325848E-05,-0.0282009,-0.02841216,-0.0009570221,0.2506951,0.6672708,0.6203123,30.57797,249.4536,303.3834,0.00764576,-0.0279645,-0.1423331,0.2516024,-0.292919,0.16241,0.07045495,-0.1042234,0.7904772,20.78267,47.09754,11.94,
594.62,-0.02569865,0.08706868,-0.2937033,0.4324418,-0.05669594,-0.04176369,0.08484199,0.3347142,0.5872181,3.841852,5.234934,359.1543,-6.048284E-05,0.0009387071,-0.0001719756,-0.02210049,-0.03872028,0.02080171,0.250705,0.6672735,0.620304,30.5637,249.4698,303.4272,0.003998816,-0.01739361,-0.1555291,0.2651656,-0.3029105,0.1148231,0.0704148,-0.1040548,0.7880631,20.89807,47.2021,11.66557,
609.073,-0.02748884,0.09180038,-0.3136172,0.4706904,-0.05323833,-0.05208658,0.08439574,0.336022,0.5822328,3.413667,5.266362,359.127,-5.078735E-06,0.000481678,-0.0001627036,-0.01642328,-0.04326349,0.03038595,0.2507128,0.6672752,0.6202896,30.55979,249.4905,303.4815,0.0004818887,-0.01032949,-0.1677349,0.2796385,-0.328541,0.09474133,0.07023977,-0.103912,0.78552,21.05723,47.32925,11.36872,
623.373,-0.02953021,0.09465159,-0.3359509,0.4860335,-0.05721587,-0.05002592,0.08386847,0.3373706,0.5769181,3.024703,5.318557,359.0693,-6.562383E-05,0.0008558635,-0.0001259421,-0.01843756,-0.02766181,0.01244825,0.2507212,0.6672772,0.6202757,30.5504,249.5031,303.5128,-0.00418165,-0.004275095,-0.1769784,0.303489,-0.3388977,0.07603744,0.07001935,-0.1037154,0.7829128,21.20132,47.42205,11.03201,
637.417,-0.03157395,0.09611683,-0.3557816,0.4853958,-0.07335858,-0.03817923,0.08333401,0.3387547,0.5713143,2.65579,5.398303,358.995,-0.0001930331,0.001455511,2.112638E-05,-0.02085029,-0.004377779,-0.01678462,0.2507282,0.6672793,0.6202747,30.53265,249.505,303.5142,-0.009782415,0.000962397,-0.1868082,0.3230684,-0.3588297,0.06556914,0.06964366,-0.1034493,0.7800865,21.36149,47.53162,10.68097,
651.098,-0.03370751,0.09772711,-0.3785924,0.4943991,-0.09149098,-0.02048573,0.08277586,0.3401384,0.5654701,2.237143,5.498267,358.9015,-0.0003158582,0.002110487,0.0001379732,-0.02572601,0.01160128,-0.04040099,0.2507364,0.6672824,0.6202838,30.49608,249.4985,303.4883,-0.01698827,0.006682737,-0.1968942,0.3236606,-0.3434111,0.0457358,0.06918044,-0.1031026,0.7770863,21.46957,47.60432,10.36936,
664.064,-0.03554294,0.09934555,-0.3977669,0.5109435,-0.1062084,-0.01517805,0.08224484,0.3415751,0.5593254,1.807188,5.584252,358.8224,-0.0004342989,0.002426718,0.000367586,-0.02678738,0.01460421,-0.05162716,0.2507435,0.6672856,0.620297,30.46018,249.4923,303.454,-0.02243058,0.01282904,-0.2063753,0.3291279,-0.3305998,0.01197003,0.0686183,-0.102658,0.7739894,21.52158,47.68173,10.04311,
678.72,-0.03756085,0.1011821,-0.4195739,0.529784,-0.1126498,-0.01701269,0.08163694,0.3429361,0.5529367,1.344576,5.674309,358.7596,-0.0003076222,0.00226037,6.852915E-05,-0.02732642,0.01959862,-0.04701769,0.2507528,0.6672896,0.6203159,30.42238,249.4794,303.4136,-0.02951303,0.02073368,-0.2160728,0.3653846,-0.3039544,-0.02663747,0.06805016,-0.1021098,0.7707288,21.52222,47.6843,9.627834,
693.39,-0.03933503,0.1023676,-0.4376218,0.5340487,-0.1116588,-0.02297696,0.08103679,0.3443856,0.5462709,0.9274436,5.744467,358.7062,-0.0002409251,0.001247359,0.0002435689,-0.0143478,0.0005363827,-0.02222439,0.2507598,0.6672925,0.6203268,30.40712,249.4823,303.407,-0.03338857,0.02919269,-0.2259324,0.3737808,-0.2855499,-0.06298143,0.06748506,-0.1014436,0.7672179,21.49275,47.71461,9.253718,
706.979,-0.04134645,0.103167,-0.4563871,0.5406173,-0.1107325,-0.03380474,0.08039772,0.3458398,0.5393471,0.4836385,5.820535,358.6573,-4.656084E-05,7.645504E-05,0.0001064096,-0.004795407,-0.02860637,0.01883996,0.2507642,0.6672937,0.6203235,30.40319,249.4953,303.433,-0.03757171,0.03657404,-0.2380166,0.3918557,-0.2766323,-0.07136569,0.06670956,-0.1006732,0.7634972,21.51053,47.72535,8.855147,
720.748,-0.04273612,0.1030313,-0.4757021,0.5648273,-0.1086648,-0.04906288,0.07975493,0.3472187,0.532228,359.9767,5.896426,358.6144,-5.351459E-05,-0.0004664444,0.0003221924,0.003085817,-0.04217607,0.03227614,0.2507676,0.667294,0.6203096,30.41117,249.5237,303.489,-0.04317053,0.04453957,-0.2517966,0.4326847,-0.2551582,-0.09353086,0.06606583,-0.09986427,0.7594388,21.48085,47.66209,8.370359,
733.629,-0.04406454,0.1030313,-0.4935668,0.5985463,-0.1115517,-0.06434558,0.07910814,0.3486105,0.5248212,359.4263,5.983615,358.5909,0.0001004475,-0.00122699,0.0001546219,0.0104606,-0.04882898,0.05124225,0.2507682,0.6672934,0.6202941,30.43223,249.5512,303.5515,-0.0449451,0.05206203,-0.265751,0.4197417,-0.2526677,-0.1426369,0.06522547,-0.09903334,0.7553318,21.37234,47.71777,7.988427,
747.452,-0.04493762,0.1025355,-0.510171,0.6333101,-0.1163973,-0.07331623,0.07844398,0.3499449,0.5171992,358.8475,6.071458,358.5343,0.000116088,-0.001724725,0.0002930913,0.01527174,-0.07048783,0.07224323,0.2507683,0.6672918,0.620267,30.46922,249.6036,303.6686,-0.05174121,0.0603926,-0.2834159,0.4353455,-0.2276639,-0.1747735,0.06420211,-0.09802433,0.75066,21.25072,47.68381,7.546703,
761.814,-0.04621366,0.09997862,-0.5306907,0.6537003,-0.1236244,-0.07202853,0.07772813,0.3510954,0.509185,358.3107,6.170491,358.4699,6.063761E-05,-0.001314437,0.0003049869,0.009104226,-0.07342757,0.06894877,0.2507697,0.6672903,0.6202355,30.48924,249.644,303.76,-0.05933054,0.06820188,-0.3029982,0.4130204,-0.1794323,-0.2304655,0.06313975,-0.09719545,0.7457551,21.01249,47.65236,7.195508,
775.006,-0.04779362,0.09485444,-0.549153,0.6314284,-0.1345899,-0.05461444,0.07698438,0.3521174,0.5009643,357.8909,6.290491,358.3791,-1.744216E-05,-0.0009475832,0.0003967813,0.006004272,-0.06821211,0.05815827,0.2507737,0.6672896,0.6202032,30.50224,249.6815,303.8378,-0.06214414,0.07228901,-0.3205431,0.340205,-0.1214086,-0.282956,0.06214571,-0.09636658,0.740818,20.70955,47.6659,7.019986,
789.422,-0.04953543,0.08797473,-0.5706538,0.5606831,-0.140632,-0.01514419,0.07622315,0.3532456,0.4924136,357.6205,6.414768,358.2501,4.002239E-05,-0.001347792,0.0003795447,0.009239877,-0.07996219,0.07347719,0.2507768,0.6672888,0.6201746,30.52886,249.7349,303.9515,-0.06240015,0.07207122,-0.3343318,0.3810551,-0.1030659,-0.301353,0.06140386,-0.09565599,0.7356244,20.47565,47.57553,6.59349,
803.575,-0.05069841,0.08335706,-0.5880738,0.5307733,-0.1499177,0.00682445,0.07547744,0.3544287,0.4837539,357.2228,6.553545,358.1292,6.018003E-05,-0.001740488,0.00046953,0.01197272,-0.1011081,0.09421355,0.2507805,0.6672875,0.6201366,30.56698,249.8103,304.1188,-0.0592897,0.0661657,-0.3479673,0.4928684,-0.1394887,-0.2888833,0.06074013,-0.09512388,0.7302505,20.34948,47.4525,5.924243,
817.057,-0.05113002,0.08316109,-0.6062901,0.5598482,-0.1608527,0.01451182,0.07474668,0.355719,0.4748915,356.688,6.69662,358.0053,2.020937E-05,-0.002150493,0.0007420785,0.01899534,-0.1123627,0.1037579,0.2507845,0.6672859,0.6200929,30.60836,249.8916,304.2815,-0.05798253,0.0595265,-0.3652061,0.5714691,-0.2073311,-0.2627707,0.05989701,-0.09447132,0.7245886,20.30317,47.39726,5.232892,
832.376,-0.05134564,0.08459485,-0.6213095,0.6331457,-0.1765343,0.01197997,0.07402602,0.3568438,0.4658585,356.0397,6.843831,357.8618,0.0001283873,-0.00229591,0.0004886969,0.01614431,-0.1209825,0.1186928,0.250788,0.6672836,0.6200433,30.653,249.9705,304.4669,-0.05811071,0.06183761,-0.3824016,0.5667968,-0.2531411,-0.2939791,0.05894786,-0.09359515,0.7185778,20.13629,47.4597,4.674356,
846.68,-0.05140909,0.08282582,-0.6361637,0.6940708,-0.1844684,0.01976053,0.07324591,0.3576199,0.4565969,355.4151,6.997807,357.686,7.453703E-05,-0.001840534,0.0004761723,0.01034905,-0.116255,0.1093811,0.2507937,0.6672813,0.6199858,30.67695,250.0329,304.6045,-0.06751288,0.07345918,-0.4089414,0.4620794,-0.2190677,-0.3452527,0.0571024,-0.09235303,0.7123483,19.83789,47.57719,4.441765,
860.174,-0.05192864,0.07388595,-0.6519831,0.6830478,-0.1892467,0.03657993,0.07243015,0.3581407,0.4470226,354.9779,7.159926,357.511,-0.0001915518,0.0001124688,0.0005117685,-0.009975677,-0.0807927,0.05297679,0.2508007,0.6672812,0.6199542,30.65093,250.0334,304.5935,-0.0853833,0.07862078,-0.408547,0.5684386,-0.1150993,-0.3647592,0.05577332,-0.09161437,0.7065535,19.51169,47.21171,3.760137,
872.824,-0.05314536,0.0607005,-0.6692612,0.6467242,-0.192745,0.05227365,0.07160768,0.3586447,0.4370462,354.5617,7.316584,357.3573,-0.0003898953,0.001566212,0.0005428324,-0.02095236,-0.03224631,-0.006823122,0.2508112,0.6672837,0.6199419,30.6289,250.0357,304.5779,-0.09048332,0.08190594,-0.4156927,0.5398821,-0.09225504,-0.3880324,0.05467679,-0.09069462,0.7002716,19.1901,47.09792,3.325346,
887.531,-0.05483549,0.0514049,-0.6892638,0.6343829,-0.1911204,0.06084348,0.07074002,0.3592853,0.4268352,354.0669,7.468612,357.1825,-0.0004311111,0.002245997,0.0004131436,-0.02909152,-0.01598951,-0.02651364,0.2508227,0.6672875,0.619945,30.5931,250.0455,304.5778,-0.0876227,0.0760031,-0.4294376,0.4992885,-0.1371695,-0.3519132,0.05339232,-0.09019987,0.6936828,19.03542,47.12689,2.924862,
901.914,-0.05661333,0.04813493,-0.7086226,0.6835919,-0.193828,0.06727374,0.06988147,0.3600105,0.4164262,353.4168,7.6263,356.9667,-0.000384086,0.001276834,0.0006387276,-0.01671207,-0.03757175,-0.000549565,0.2508336,0.667291,0.6199452,30.5718,250.0684,304.6033,-0.0865837,0.06346951,-0.4492255,0.4614156,-0.2020741,-0.2789247,0.05218971,-0.08961248,0.6867837,19.03921,47.21044,2.550488,
915.539,-0.05785093,0.04742547,-0.7275178,0.7717782,-0.190797,0.06781381,0.06893458,0.3605559,0.4058371,352.6519,7.778028,356.7254,-0.0003330201,0.0003451607,0.0008374332,-0.008540161,-0.07746032,0.04037442,0.2508435,0.6672928,0.6199276,30.56609,250.1307,304.7151,-0.08180856,0.05672633,-0.4726856,0.4944407,-0.3206381,-0.2842148,0.05107281,-0.08898931,0.6796075,18.95726,47.41353,1.968486,
929.794,-0.05943905,0.04293333,-0.7476929,0.8287713,-0.1844078,0.0826132,0.06796682,0.3607717,0.3948809,351.9845,7.924904,356.4475,-0.0004609685,0.0007264577,0.001070111,-0.01637179,-0.106777,0.05438133,0.2508575,0.6672946,0.6198934,30.55621,250.2228,304.8803,-0.07897037,0.05329616,-0.4887844,0.6606895,-0.4255682,-0.2448661,0.04999732,-0.08825533,0.6722823,18.99256,47.41155,0.9945546,
944.267,-0.06072891,0.03311974,-0.7658758,0.83138,-0.1735401,0.1017012,0.0670068,0.3607587,0.3836117,351.4018,8.065257,356.1766,-0.0007091477,0.002116635,0.001281008,-0.03132891,-0.09662184,0.02274619,0.2508749,0.667298,0.619867,30.52084,250.272,304.9472,-0.08001631,0.06068819,-0.501867,0.7912594,-0.5491534,-0.3045211,0.04854267,-0.08715387,0.6652163,18.86476,47.53381,359.9142,
956.572,-0.06201449,0.01751048,-0.7867686,0.8173962,-0.1667647,0.09924361,0.06602882,0.3604528,0.3721134,350.8086,8.206658,355.9727,-0.0008416081,0.003876709,0.001029047,-0.05100504,-0.05243478,-0.03196287,0.2508967,0.6673043,0.6198583,30.46258,250.2836,304.9439,-0.08622555,0.07379574,-0.5029007,0.838367,-0.6098416,-0.3742659,0.04689851,-0.0859576,0.6584444,18.63622,47.66199,358.9344,
970.702,-0.0628669,0.003996688,-0.8050424,0.8263011,-0.1664911,0.09542655,0.06508805,0.360114,0.3602929,350.1473,8.359668,355.7229,-0.001091657,0.005747867,0.001107146,-0.07254416,-0.03170152,-0.07565847,0.250922,0.6673131,0.6198692,30.35114,250.302,304.9214,-0.09862363,0.09059329,-0.4914401,0.8239936,-0.5627136,-0.4044434,0.04485505,-0.08433157,0.6520609,18.37897,47.66217,358.1424,
984.867,-0.06428246,-0.008882707,-0.8261802,0.8767537,-0.170568,0.124252,0.06402567,0.3597489,0.3482555,349.4065,8.544918,355.338,-0.001362581,0.005879624,0.001882022,-0.06607043,-0.03780094,-0.0884339,0.2509509,0.6673235,0.619887,30.25695,250.3368,304.9088,-0.1133076,0.1134821,-0.4759628,0.7949526,-0.4574082,-0.4849831,0.04284789,-0.08231482,0.6459606,17.93234,47.55163,357.4441,
999.426,-0.06449404,-0.01998258,-0.844637,0.9215456,-0.1715337,0.1490004,0.06301938,0.359124,0.336014,348.6691,8.736418,354.9812,-0.00144997,0.003958372,0.002837994,-0.03392798,-0.07402759,-0.0531495,0.2509767,0.6673324,0.6198987,30.21932,250.3979,304.9497,-0.1232959,0.1525515,-0.4612855,0.7461303,-0.3461335,-0.6993182,0.04072887,-0.07972845,0.63924,17.03108,47.45266,356.8036,
1013.867,-0.06390128,-0.03230201,-0.8610078,0.9398403,-0.1747655,0.153483,0.06209415,0.3581599,0.3235816,347.9605,8.924641,354.668,-0.0009831837,0.0004197619,0.00274404,0.001802564,-0.1455889,0.05520156,0.2509948,0.6673364,0.6198773,30.23299,250.5594,305.1935,-0.1279142,0.1807274,-0.4789108,0.635043,-0.3932766,-0.7172864,0.03860253,-0.07672621,0.6316549,16.54308,47.68357,356.3237,
1028.365,-0.06267403,-0.05005103,-0.8790088,0.9156696,-0.1755281,0.1424858,0.06118244,0.3568439,0.3108437,347.345,9.088331,354.4161,-0.0006661178,-0.001636863,0.00256825,0.02101196,-0.1877058,0.1233004,0.2510085,0.6673365,0.6198237,30.30096,250.7699,305.5732,-0.1249716,0.214867,-0.5134266,0.6362435,-0.5930286,-0.9528359,0.03648981,-0.07394361,0.6233087,15.54712,48.20082,355.4431,
1041.034,-0.06135631,-0.0693713,-0.8924912,0.8794387,-0.1824117,0.1150438,0.06027413,0.3551571,0.2980756,346.7359,9.264639,354.211,-0.0006640484,-0.002225594,0.002791687,0.03084911,-0.194281,0.1336321,0.251019,0.6673343,0.6197577,30.35295,250.9236,305.8246,-0.1231536,0.2300364,-0.5403249,0.9253419,-0.8505118,-0.9468945,0.03452178,-0.07038032,0.6157743,15.07746,48.53631,353.801,
1053.174,-0.06009668,-0.09385766,-0.9040488,0.8688096,-0.2051097,0.08338659,0.05935133,0.3529934,0.2852156,346.0472,9.483676,354.022,-0.0005666666,-0.003116109,0.002853446,0.04264222,-0.2025221,0.1535139,0.2510256,0.6673311,0.6196964,30.42928,251.0883,306.1119,-0.1278886,0.2494321,-0.550339,1.128163,-0.9391068,-0.8691463,0.03242911,-0.0672755,0.6069181,14.73716,48.56585,352.1368,
1068.34,-0.0597547,-0.1195741,-0.9152923,0.8891858,-0.235396,0.08624906,0.05839541,0.3505336,0.2721041,345.3133,9.75685,353.7245,-0.0005529051,-0.001930249,0.002369169,0.02218228,-0.1889945,0.1365892,0.2510354,0.667328,0.6196266,30.42047,251.161,306.2512,-0.1309052,0.2981739,-0.6083077,1.039899,-1.225046,-1.225662,0.02948022,-0.06219716,0.5977688,13.41551,49.53468,350.8153,
1082.73,-0.05977367,-0.1454874,-0.926447,0.9299008,-0.2613986,0.1134406,0.05741625,0.3477435,0.2589607,344.5415,10.08035,353.3458,-0.0006813627,-0.00124571,0.002502827,0.01445572,-0.1871174,0.1235067,0.2510484,0.6673263,0.6195644,30.41998,251.2703,306.4224,-0.1332456,0.3146412,-0.6120851,1.305399,-1.202037,-1.265788,0.02757468,-0.05888663,0.5893292,12.52516,49.46399,348.8893,
1095.262,-0.05973455,-0.170659,-0.9371899,0.9394716,-0.2820539,0.1415548,0.05649898,0.3446791,0.2455274,343.869,10.40775,352.9993,-0.0005512209,-0.002809959,0.002730314,0.03295391,-0.2215874,0.1732736,0.2510615,0.6673226,0.6194829,30.51874,251.5222,306.8817,-0.138153,0.3155387,-0.6030499,1.448497,-1.085323,-1.16512,0.02566205,-0.055201,0.5811707,11.95952,49.1807,347.1901,
1110.327,-0.05889775,-0.1992673,-0.9483642,0.9251609,-0.3087078,0.1355165,0.05564604,0.3410165,0.2320846,343.1844,10.73441,352.7592,-5.186134E-05,-0.005001149,0.002119277,0.04304,-0.2896572,0.2844898,0.2510721,0.6673158,0.6193793,30.68529,251.8333,307.5993,-0.1517624,0.2954419,-0.6310454,1.171735,-1.027578,-0.7992749,0.02251683,-0.05164741,0.5709439,12.07537,49.4906,346.4752,
1124.914,-0.05814768,-0.2266202,-0.9592245,0.8887559,-0.3259046,0.1192707,0.05478678,0.3371095,0.2183156,342.5708,11.03682,352.5408,0.0001858673,-0.006450533,0.002030031,0.04858274,-0.3563163,0.3767747,0.2510831,0.6673042,0.6192372,30.83624,252.1382,308.3029,-0.1636156,0.3434159,-0.6661933,0.5750307,-1.012774,-1.229727,0.01918492,-0.04651518,0.5616317,10.2199,50.34035,346.4692,
1138.157,-0.05838388,-0.252441,-0.9718568,0.9049432,-0.3423846,0.09198005,0.05388414,0.3329973,0.2042584,341.7864,11.33909,352.307,0.0003437246,-0.006694929,0.001693468,0.03728715,-0.4013899,0.4400263,0.2510992,0.6672902,0.6190671,30.94532,252.4346,309.0078,-0.1583496,0.3797374,-0.6565972,0.7835406,-1.152424,-1.639414,0.01697817,-0.04330578,0.5525039,8.255793,50.597,344.7519,
1151.961,-0.05903251,-0.2750625,-0.9847684,1.00074,-0.3534214,0.06310101,0.05303154,0.3284253,0.1901899,340.7691,11.64468,351.9902,0.000282724,-0.00452653,0.0009931945,-0.01093975,-0.4348196,0.4649728,0.2511265,0.667276,0.6188793,30.94022,252.703,309.6956,-0.149469,0.3579754,-0.6830274,0.4948074,-1.196721,-1.288502,0.01496013,-0.03878118,0.5429808,7.80883,51.46281,344.3951,
1165.589,-0.0605897,-0.3032174,-0.9995785,1.122826,-0.3624156,0.05190532,0.05210927,0.3231865,0.1759689,339.7029,11.98568,351.5988,2.388102E-05,-0.001400591,0.000497977,-0.06678637,-0.4519812,0.4538865,0.2511722,0.6672654,0.6186893,30.84926,252.948,310.3152,-0.1387368,0.3576426,-0.7441199,-0.07010474,-1.329565,-1.204223,0.01187119,-0.03427402,0.531525,6.722432,52.95883,344.819,
1179.774,-0.06248431,-0.3338737,-1.013556,1.167336,-0.3518495,0.07441202,0.05113634,0.3175427,0.1614765,338.8307,12.33038,351.1626,-5.196693E-05,0.001497513,-0.0004402966,-0.1203,-0.4445651,0.430352,0.2512335,0.6672585,0.6185056,30.72059,253.1365,310.8583,-0.1406057,0.3620106,-0.7691048,-0.04840464,-1.306428,-1.244959,0.009551413,-0.03026611,0.521051,5.579859,53.64425,344.2661,
1193.823,-0.06413789,-0.3679144,-1.025602,1.160771,-0.336433,0.09238641,0.0501672,0.3114294,0.1469379,338.0133,12.66498,350.7678,3.33098E-05,0.003686771,-0.001550481,-0.166713,-0.4382293,0.4222585,0.2513091,0.6672548,0.6183271,30.57928,253.3071,311.4199,-0.1364613,0.3638167,-0.7806288,0.03044645,-1.338407,-1.318344,0.007776059,-0.02666656,0.5107683,4.362873,54.30253,343.428,
1208.044,-0.06566094,-0.399857,-1.03636,1.117857,-0.321605,0.09562229,0.04920541,0.305133,0.1320944,337.2734,12.96155,350.4383,-4.418864E-05,0.005911651,-0.002124476,-0.202106,-0.4133438,0.3805802,0.2513948,0.667254,0.6181579,30.40392,253.4426,311.8636,-0.1239151,0.3584113,-0.7880851,0.01154057,-1.464028,-1.302172,0.005820964,-0.02281767,0.5005275,3.208403,55.30362,342.7257,
1221.789,-0.06677143,-0.4267994,-1.046162,1.124694,-0.3274906,0.07277918,0.04827584,0.298453,0.1172539,336.3325,13.28833,350.113,0.0007836528,0.006687142,-0.004852634,-0.2372347,-0.3488204,0.3681554,0.2514852,0.6672555,0.6180052,30.26379,253.4268,312.228,-0.1139667,0.3517103,-0.7870368,0.1108223,-1.550739,-1.281975,0.004013307,-0.0188997,0.490549,2.171751,56.21342,341.7427,
1234.873,-0.06726322,-0.4570599,-1.056559,1.207223,-0.354379,0.04454318,0.0473782,0.2911357,0.1023649,335.1971,13.65778,349.7174,0.002957586,0.003697769,-0.01012411,-0.2487342,-0.2514158,0.4372416,0.2515693,0.6672539,0.617854,30.29618,253.2392,312.6288,-0.1096395,0.3542836,-0.7740539,0.5024266,-1.520496,-1.466007,0.002440616,-0.01475883,0.4804252,0.9825905,56.49952,339.9111,
1249.942,-0.06740597,-0.4868134,-1.064767,1.293417,-0.38665,0.02978607,0.0464327,0.2831865,0.08733064,334.0322,14.07072,349.2849,0.004288857,0.0003997759,-0.01263592,-0.2297591,-0.1935345,0.4888995,0.2516479,0.667244,0.6176721,30.39178,253.1202,313.0609,-0.1070928,0.3648985,-0.7651468,0.9173281,-1.44302,-1.741028,0.001417879,-0.01099231,0.4696263,359.581,56.35297,337.6745,
1264.368,-0.06808415,-0.5292261,-1.073226,1.362859,-0.4124007,0.04094735,0.04541522,0.2745305,0.07226864,332.924,14.55089,348.7765,0.004715379,0.0006801857,-0.01378078,-0.2490356,-0.1721228,0.4914838,0.2517133,0.6672326,0.6175122,30.35832,253.0363,313.4814,-0.09770431,0.3687716,-0.7883818,0.8141713,-1.556277,-1.735922,-7.770956E-05,-0.007001139,0.4583232,358.2,57.00356,336.3145,
1276.916,-0.06892756,-0.5684269,-1.078855,1.402459,-0.4139379,0.06418155,0.04436968,0.2653193,0.05718538,331.8276,15.03221,348.2152,0.004020363,0.004182708,-0.01287993,-0.2913659,-0.1886745,0.4353298,0.2517892,0.6672241,0.6173595,30.17043,253.0245,313.8676,-0.08863929,0.3682596,-0.8327938,0.6245132,-1.750486,-1.614521,-0.00182322,-0.002901602,0.4462912,356.8899,58.09873,335.1896,
1290.72,-0.06964678,-0.6089735,-1.08249,1.406858,-0.4071822,0.07281569,0.04335529,0.255585,0.042059,330.7961,15.47373,347.7168,0.002385326,0.009845963,-0.009994538,-0.3364332,-0.2198396,0.3147413,0.2518863,0.6672249,0.617231,29.82538,253.0927,314.1391,-0.08657587,0.3683423,-0.8729884,0.5792429,-1.894579,-1.536174,-0.003426831,0.001271516,0.4340923,355.6362,59.14748,333.8322,
1305.119,-0.06951016,-0.6557534,-1.085195,1.383646,-0.4271521,0.03701362,0.04239869,0.2452058,0.0268262,329.7462,15.86594,347.3963,0.00135585,0.01209552,-0.00765396,-0.3439392,-0.2496453,0.2586421,0.2519958,0.6672317,0.6171209,29.55936,253.2014,314.4731,-0.08745696,0.3757249,-0.9085632,0.6145512,-2.050014,-1.576423,-0.004839588,0.005316089,0.4215094,354.1829,60.15445,332.1531,
1319.785,-0.06940892,-0.7040303,-1.087943,1.397975,-0.4803214,-0.01827691,0.04146712,0.2339774,0.01155734,328.5253,16.28142,347.0898,0.001075958,0.01451551,-0.007366684,-0.3712179,-0.2402212,0.2069518,0.252115,0.6672427,0.6170245,29.25142,253.2112,314.726,-0.08853297,0.3841443,-0.9396902,0.6830059,-2.176578,-1.662378,-0.006421089,0.009660812,0.4085895,352.6341,61.09837,330.2752,
1333.365,-0.07014199,-0.7514608,-1.091214,1.447973,-0.5126116,-0.0523393,0.04041158,0.2220166,-0.003660023,327.2443,16.73905,346.6533,0.0008393712,0.01482879,-0.006571772,-0.3410875,-0.1622019,0.1031,0.2522301,0.6672568,0.616953,29.02649,253.125,314.6791,-0.09135213,0.3899589,-0.9643491,0.7632058,-2.257494,-1.767218,-0.00771299,0.01353396,0.3954594,351.0047,61.89949,328.2397,
1347.166,-0.07170889,-0.803632,-1.091036,1.543321,-0.5250146,-0.07431674,0.03931221,0.2091928,-0.01859596,325.8333,17.21028,346.1023,-6.88117E-05,0.01645333,-0.004275616,-0.2774757,0.008708283,-0.1434995,0.2523227,0.66728,0.6169524,28.79663,252.8854,314.0129,-0.09156343,0.38567,-1.000409,0.7963496,-2.368706,-1.774813,-0.009111594,0.01723227,0.3813964,349.4213,62.86253,326.212,
1361.651,-0.07274827,-0.8575518,-1.084674,1.607852,-0.5190031,-0.1018795,0.0382577,0.195769,-0.03326482,324.4953,17.63441,345.5917,-0.0003184032,0.02295503,-0.00466568,-0.3188525,0.1801903,-0.3773342,0.2524084,0.667321,0.6170466,28.25654,252.4427,313.1264,-0.09469646,0.3710251,-1.043461,0.8215507,-2.499886,-1.730583,-0.01086169,0.02042411,0.366739,347.8834,63.97896,324.1193,
1374.566,-0.07201026,-0.9073026,-1.073163,1.632836,-0.5297488,-0.1399281,0.03736878,0.1816292,-0.04768178,323.1273,18.01372,345.1895,-0.0002449196,0.02055557,-0.004034244,-0.2606345,0.2418407,-0.4072511,0.2524823,0.6673687,0.6171911,28.05802,252.1761,312.5844,-0.1037399,0.3481676,-1.091736,0.8618379,-2.662581,-1.666927,-0.01281638,0.02317113,0.3514202,346.3567,65.25852,321.8678,
1389.621,-0.06862323,-0.961247,-1.054098,1.630898,-0.5529599,-0.1709724,0.03661411,0.1669362,-0.06158751,321.7983,18.42608,344.794,-0.001732023,0.02270934,-8.143886E-05,-0.2878761,0.08098504,-0.3731773,0.2525596,0.6674125,0.6173182,27.65499,252.3503,312.6542,-0.1159996,0.3213519,-1.144903,0.935319,-2.867946,-1.602589,-0.01497475,0.02556208,0.3354127,344.8319,66.72699,319.3513,
1404.06,-0.06488724,-1.008415,-1.034193,1.637138,-0.50877,-0.1768555,0.0358712,0.1516148,-0.07531807,320.5255,18.7978,344.1974,-0.002525549,0.02607094,0.002035368,-0.3450097,-0.04011028,-0.3496007,0.2526797,0.6674609,0.617424,27.16712,252.5087,312.7749,-0.1279473,0.2915381,-1.203104,1.058068,-3.100082,-1.546386,-0.01722831,0.02746743,0.3185477,343.3386,68.35134,316.486,
1416.325,-0.05995998,-1.053299,-1.010511,1.615069,-0.4163463,-0.1889063,0.03516888,0.1358058,-0.08865777,319.3721,19.05898,343.5952,-0.002568055,0.0302291,0.002211696,-0.3875358,0.01747565,-0.4472012,0.2528059,0.6675084,0.6175236,26.61391,252.4021,312.3997,-0.1410516,0.2584476,-1.264355,1.159973,-3.336313,-1.501868,-0.0195981,0.02874852,0.3009245,341.7894,70.07697,313.3837,
1430.196,-0.05385017,-1.095106,-0.9812787,1.579578,-0.3551093,-0.2101278,0.03464549,0.1195074,-0.1011973,318.2057,19.34313,343.0516,-0.002420522,0.03551961,0.002137662,-0.4342758,0.1353652,-0.5928916,0.2529431,0.6675668,0.6176786,25.95268,252.1524,311.715,-0.1538955,0.2208025,-1.333172,1.206396,-3.570547,-1.40025,-0.02206843,0.02936436,0.2822185,340.2184,71.98933,310.1824,
1444.612,-0.04682961,-1.119586,-0.9477887,1.485722,-0.2465809,-0.1857615,0.034395,0.1043322,-0.1132993,317.4093,19.61215,342.3711,-0.002872275,0.04218914,0.004182904,-0.4879739,0.2198821,-0.7567533,0.2530889,0.6676335,0.6178849,25.17278,251.9603,310.9478,-0.1665218,0.1703354,-1.408323,1.202286,-3.764653,-1.172357,-0.02475287,0.02893414,0.2626835,338.7635,74.18645,307.0278,
1458.935,-0.03433572,-1.112713,-0.9095743,1.419407,-0.1257456,-0.1207733,0.03435954,0.09009174,-0.1249694,316.5799,20.12971,341.4124,-0.003682829,0.05037648,0.00816932,-0.5557261,0.2775438,-0.9379524,0.2532639,0.667712,0.6181486,24.20885,251.8612,310.1106,-0.1772008,0.105185,-1.479988,1.201898,-3.871566,-0.8515613,-0.02745691,0.02761764,0.2426022,337.5659,76.61468,303.9426,
1473.7,-0.02098432,-1.074905,-0.8994695,1.149611,0.07245069,-0.02329033,0.03432669,0.07715521,-0.138605,316.6088,20.36969,340.7157,-0.004506925,0.05400541,0.01286785,-0.5516251,0.3572167,-1.086484,0.2534561,0.6677962,0.6184629,23.32483,251.8028,309.1535,-0.1814519,0.042197,-1.528898,1.239992,-3.850314,-0.5361025,-0.02990051,0.02589662,0.2226426,336.7219,79.06017,300.9324,
1487.129,-0.009333417,-1.035007,-0.9083273,0.9133227,0.1626023,0.01914009,0.03448115,0.06378632,-0.1520838,316.4297,20.56267,340.2323,-0.006729287,0.04244056,0.02012495,-0.3294091,0.3082786,-1.060307,0.2536046,0.6678686,0.618799,23.0839,252.0499,308.4651,-0.1777913,-0.02169254,-1.573395,1.303805,-3.806851,-0.2357258,-0.03209294,0.02389464,0.202037,336.1392,81.62943,297.9078,
1501.144,0.001759544,-1.009283,-0.9254149,0.7424367,0.1191163,0.01447511,0.03480326,0.0494805,-0.1654578,316.0644,20.71659,340.0365,-0.005890519,0.03990106,0.01900523,-0.3032486,0.3788427,-1.032582,0.2537309,0.6679288,0.619118,22.58396,251.9919,307.6984,-0.1654488,-0.07516677,-1.605311,1.402721,-3.690227,0.006490529,-0.03395542,0.02166792,0.1810874,335.8987,84.12414,294.9152,
1512.656,0.01134324,-0.9993699,-0.9251062,0.7130333,0.01547473,-0.0104841,0.03533951,0.03549021,-0.177377,315.43,20.95944,339.7503,-0.003093195,0.02957871,0.01049389,-0.2013193,0.5719,-0.8627505,0.2538084,0.6679713,0.6193966,22.49108,251.4722,306.7731,-0.1532171,-0.1099667,-1.623399,1.447801,-3.544602,0.1756894,-0.03559285,0.01947916,0.1604249,335.7739,86.46112,292.0502,
1527.263,0.02033533,-0.9749816,-0.9153191,0.817466,0.09965521,-0.02989274,0.03592072,0.023818,-0.1893927,314.8525,21.27257,338.693,-0.001241457,0.01786688,0.004414945,-0.08118211,0.6303686,-0.6526574,0.2538265,0.6680014,0.6196941,22.66251,251.0502,306.1165,-0.1411279,-0.1351767,-1.631374,1.451209,-3.345361,0.3077222,-0.03743498,0.01743348,0.1395646,335.8024,88.60804,289.4484,
1541.816,0.03255329,-0.8989094,-0.8943633,1.154146,0.3615899,-0.03707507,0.03700607,0.01540992,-0.2014447,313.9798,21.936,336.6051,-0.0003922198,0.03040363,0.003996822,-0.3015325,0.5356059,-0.6885149,0.2538762,0.6680315,0.6199737,21.79092,250.8841,305.6886,-0.1469684,-0.1441514,-1.638435,1.382671,-3.280755,0.417235,-0.03981853,0.01536627,0.1185859,335.5982,90.8221,286.7274,
1554.17,0.0460531,-0.7996294,-0.8855532,1.72027,0.5105988,-0.06759211,0.03782342,0.009339022,-0.2149513,312.4131,22.96629,333.9071,-0.002202361,0.05083158,0.01522404,-0.5500693,0.364749,-0.961724,0.2540477,0.6680806,0.6202989,20.36635,251.275,305.2491,-0.1725623,-0.1471143,-1.654488,1.333312,-3.304553,0.70083,-0.04294574,0.01339002,0.09764413,335.3634,93.56449,283.9416,
1569.32,0.06926326,-0.6663529,-0.8997565,2.453228,0.385763,-0.1430729,0.03962465,0.003607549,-0.2281711,309.6476,24.70049,330.9441,-0.00208441,0.05609664,0.0190563,-0.5910664,0.4611838,-1.090029,0.2542635,0.6681302,0.6206236,19.35732,251.2763,304.3564,-0.2025717,-0.152266,-1.664433,1.361615,-3.166601,1.161664,-0.04624509,0.01134432,0.07744662,335.4227,96.72678,281.6128,
1583.961,0.1022113,-0.5669745,-0.9018837,3.138345,-0.3178551,-0.08972007,0.04254473,-0.003623442,-0.239111,305.8813,27.4164,328.5204,-0.00180495,0.04790466,0.01756943,-0.4329382,0.7524557,-1.092909,0.2544435,0.6681693,0.6210075,18.90124,250.889,302.9491,-0.2259994,-0.1617861,-1.662246,1.530057,-2.853646,1.745376,-0.04902893,0.00966944,0.057632,335.8951,100.2961,279.9782,
1597.731,0.1322521,-0.5149129,-0.882407,3.506974,-0.8719409,0.1404774,0.0454602,-0.01055696,-0.2493497,302.7711,30.71696,325.5346,0.00123231,0.04776272,0.01012137,-0.4726509,0.9435843,-0.9935282,0.2545701,0.6681933,0.6214374,18.22726,250.2609,301.7669,-0.2298114,-0.1842368,-1.642905,1.958098,-2.460315,2.236145,-0.05132298,0.007509246,0.03910929,337.0992,104.1175,278.7886,
1610.481,0.1598054,-0.4788791,-0.841508,3.776111,-1.064103,0.3733571,0.04820255,-0.0167478,-0.259298,300.0933,34.69328,321.1838,0.0018483,0.04393981,0.008807615,-0.5383075,0.3972893,-0.704416,0.2547467,0.6682159,0.621776,17.65869,250.5527,302.4606,-0.2154703,-0.226917,-1.593691,2.524612,-2.005285,2.412929,-0.05291347,0.004470151,0.02185232,339.0199,107.5959,278.1825,
1624.057,0.1797571,-0.4574406,-0.7934089,3.949323,-0.9766249,0.4583247,0.05093072,-0.02297038,-0.2688724,297.8212,39.14437,315.8826,0.001809361,0.03630033,0.007183346,-0.4952925,0.09314118,-0.4794227,0.2549377,0.6682376,0.6219374,17.36895,250.8346,303.0251,-0.1834681,-0.3038909,-1.51619,3.151532,-1.745827,2.14939,-0.05380883,0.00014521,0.005995631,341.7934,110.4979,277.6048,
1638.769,0.1937924,-0.4516713,-0.750032,3.902997,-0.7713104,0.422141,0.05382807,-0.02963515,-0.2784895,296.2781,43.38396,310.6884,0.001288513,0.02007618,0.002868839,-0.2936833,0.008653406,-0.2290272,0.2550744,0.668252,0.6220232,17.60732,250.8289,303.2453,-0.1402797,-0.3781424,-1.416996,3.453687,-1.76688,1.599378,-0.05363134,-0.004615898,-0.007970229,344.7398,112.6098,276.6544,
1653.504,0.2081331,-0.4603712,-0.7060247,3.671562,-0.5917761,0.3668773,0.05715864,-0.03665794,-0.2872901,295.121,47.60999,305.8072,0.0002703657,0.004496858,0.0005747254,-0.09440848,-0.1455877,0.01680773,0.2551403,0.6682595,0.622024,18.15304,250.9031,303.5875,-0.06466725,-0.4599265,-1.269511,3.511905,-2.012415,0.8124332,-0.05148077,-0.01027187,-0.01988246,348.0842,113.6063,275.2828,
1666.763,0.2223535,-0.4715157,-0.6596845,3.434824,-0.5439903,0.4516579,0.06079663,-0.04367469,-0.2945445,294.0987,52.76226,300.5666,4.282518E-05,-0.007373539,-0.002307798,0.05856154,-0.1909335,0.2005931,0.2551479,0.6682616,0.6219554,18.54982,250.9994,304.0689,0.01903734,-0.5343388,-1.115751,3.454104,-2.463085,0.1216866,-0.04872523,-0.0160384,-0.03077886,351.7215,114.0359,273.5071,
1680.694,0.2374929,-0.4884493,-0.600374,3.132813,-0.4795314,0.6072303,0.06438745,-0.05118747,-0.3008167,293.5197,57.81161,295.6404,0.0005193526,-0.01550071,-0.005677272,0.1591197,-0.1535724,0.3256887,0.2551121,0.668259,0.6218715,19.1058,250.9074,304.3723,0.07691821,-0.5771232,-1.000149,3.121229,-3.306341,-0.07389379,-0.0461249,-0.02170295,-0.04072115,355.0124,114.7283,270.3448,
1693.977,0.2436087,-0.5053701,-0.5471214,2.920182,-0.3488068,0.6185697,0.06765307,-0.0588179,-0.3066245,293.2529,62.49437,290.5474,0.0005310602,-0.02288709,-0.006852374,0.2556218,-0.1863661,0.4420843,0.2550188,0.66825,0.6217275,19.71675,250.9271,304.7753,0.140921,-0.5684729,-0.8636419,2.233835,-4.168828,0.1057954,-0.04238923,-0.02698745,-0.04920448,356.9409,114.8092,265.7678,
1708.821,0.2415803,-0.5212597,-0.4831001,2.857846,-0.1961858,0.406303,0.07054643,-0.0662088,-0.3116416,293.1298,67.04888,284.7947,0.0007140026,-0.0248261,-0.007210491,0.2777199,-0.1947564,0.4797436,0.2549192,0.6682388,0.6215784,20.15965,250.9469,305.1202,0.177274,-0.5465468,-0.7687837,1.684065,-4.408998,0.4258605,-0.03888311,-0.03237044,-0.05747317,358.6431,115.0235,262.1022,
1722.638,0.2366268,-0.5282691,-0.4279407,2.86168,-0.1565491,0.155179,0.07368746,-0.07332499,-0.3164444,293.022,71.53243,279.08,0.000903977,-0.02365664,-0.007092189,0.2590187,-0.1862537,0.4675082,0.2548201,0.6682262,0.6214287,20.47497,250.9539,305.3949,0.1919038,-0.5360151,-0.6947242,1.616151,-4.115752,0.5341819,-0.0361987,-0.03696588,-0.06540113,0.8618402,115.2864,259.968,
1736.487,0.2370639,-0.5266883,-0.378665,2.73621,-0.1692958,0.08691972,0.07737952,-0.08048031,-0.3207149,293.1303,75.71702,274.3085,0.001028478,-0.01987816,-0.006530875,0.2081476,-0.1607151,0.4086663,0.2547224,0.6682123,0.6212719,20.64289,250.9445,305.5734,0.1853073,-0.5106831,-0.643567,1.649059,-3.56787,0.6422715,-0.03398882,-0.04114705,-0.07304746,2.887264,115.9135,258.7234,
1750.571,0.2430024,-0.5217525,-0.3440065,2.636342,-0.1553207,0.1218425,0.08123285,-0.0874553,-0.3245558,293.524,79.98804,269.4924,0.001265538,-0.01664861,-0.006505906,0.162937,-0.1248971,0.358756,0.2546532,0.6682014,0.6211544,20.7816,250.9003,305.7054,0.1643616,-0.486327,-0.6075493,1.687377,-3.018291,0.7678424,-0.03169164,-0.04582391,-0.07992411,4.650982,116.8186,257.8153,
1765.087,0.2487349,-0.510949,-0.3131453,2.662598,-0.1344277,0.108472,0.08467124,-0.09390239,-0.3283171,294.14,84.38036,264.1433,0.001175913,-0.01450037,-0.005737196,0.141833,-0.09929284,0.3099681,0.254594,0.6681914,0.6210536,20.92455,250.8799,305.8114,0.1428452,-0.484573,-0.5658996,1.964031,-2.532074,0.6240967,-0.02952131,-0.05055199,-0.08612786,6.93233,117.7246,257.7215,
1777.38,0.2516,-0.4933386,-0.28663,2.719718,-0.1806661,0.1287642,0.0881285,-0.09989387,-0.3317191,294.7755,88.91076,258.8441,0.001058927,-0.01144617,-0.004894496,0.1096591,-0.06797581,0.2456085,0.2545514,0.668184,0.6209843,20.91858,250.86,305.7894,0.1234885,-0.4870609,-0.5214668,2.166979,-2.305047,0.5161983,-0.02757768,-0.05488865,-0.09183519,9.374822,118.6301,257.5908,
1792.079,0.254155,-0.4740782,-0.2624678,2.669177,-0.2351247,0.2344491,0.09183189,-0.1060926,-0.3345594,295.436,92.99013,254.3846,0.0007743945,-0.007863562,-0.003522997,0.08193483,-0.007300049,0.1490322,0.2545125,0.6681772,0.6209329,20.82455,250.8369,305.6397,0.1205556,-0.4702196,-0.4766016,2.037485,-2.204435,0.5551273,-0.0247637,-0.05915029,-0.09692311,11.30168,119.3262,256.9373,
1805.684,0.2556912,-0.4551029,-0.232936,2.544669,-0.2258458,0.3116341,0.09548584,-0.1118725,-0.3365511,296.2739,96.25038,250.6995,0.0004390146,-0.00387096,-0.001904524,0.05960493,0.09645899,0.02139045,0.2544811,0.6681725,0.6209258,20.7942,250.783,305.4769,0.1266978,-0.4550011,-0.4408083,1.890834,-2.1719,0.5696132,-0.02184888,-0.06326607,-0.1017555,13.19315,119.8359,256.1875,
1820.197,0.2552612,-0.4392256,-0.2043215,2.374421,-0.1730804,0.2310947,0.09893569,-0.1180582,-0.3386924,297.1034,98.10181,248.1119,-7.969866E-05,-0.0001849985,0.0002037283,0.05515167,0.2383647,-0.1295959,0.2544492,0.6681695,0.6209849,20.76842,250.5451,304.8282,0.1375788,-0.4319687,-0.3910881,1.872233,-2.022229,0.4104178,-0.01882299,-0.06664523,-0.1057018,15.12431,120.339,256.0738,
1835.052,0.2492351,-0.4200885,-0.1611892,2.218621,-0.145094,0.1018027,0.1022892,-0.1229629,-0.3397039,297.9762,99.84654,245.482,-0.0003249506,0.002194922,0.001300762,0.05115501,0.343841,-0.223579,0.25442,0.6681678,0.6210919,20.6526,250.3186,304.1205,0.1486971,-0.3929476,-0.3498565,1.89979,-1.753943,0.09948039,-0.01553012,-0.06893024,-0.1093675,16.93784,120.8432,256.6674,
1848.964,0.2422256,-0.4031321,-0.1270286,2.030751,-0.1523971,0.02206317,0.1057639,-0.1281008,-0.3408495,298.6989,101.4516,243.2592,0.0005956185,0.008358455,-0.0002311517,-0.02867039,0.50529,-0.3226091,0.2543957,0.668167,0.621258,20.3228,249.9023,303.2834,0.1645504,-0.3477766,-0.3104688,1.935585,-1.495355,-0.2666417,-0.01185329,-0.071097,-0.1126084,18.67433,121.2901,257.7119,
1863.138,0.2402963,-0.3754216,-0.09797667,1.966089,-0.1529965,0.03439647,0.1094593,-0.132199,-0.3413724,299.6711,103.3656,240.7568,0.0001108833,0.007932596,0.001130525,-0.009910151,0.5032481,-0.3366067,0.2543784,0.668166,0.6214435,20.21444,249.7614,302.7641,0.1917664,-0.3083168,-0.2633957,1.844832,-1.362888,-0.5297818,-0.007434271,-0.07314826,-0.1148424,20.2937,121.5265,258.6024,
1875.51,0.238119,-0.3520733,-0.07895039,1.900754,-0.1560039,-0.05788952,0.1126549,-0.1367149,-0.3422847,300.5453,104.2773,238.9083,0.0002044507,0.007450211,0.0008114397,-0.01224011,0.4788718,-0.3094118,0.254362,0.6681638,0.621622,20.11293,249.6011,302.363,0.219177,-0.2933819,-0.2137533,1.730796,-1.470487,-0.7117429,-0.00280958,-0.07552931,-0.1166448,22.19682,121.5005,259.175,
1888.926,0.2340737,-0.3279943,-0.06648797,1.783594,0.002984077,-0.2518881,0.1161987,-0.1399578,-0.3432454,301.806,103.8087,238.4931,-6.015718E-05,0.006410512,0.001407071,-0.001266174,0.4279183,-0.2836487,0.2543466,0.6681603,0.6217879,20.04169,249.5099,302.0397,0.2545823,-0.2762145,-0.1622119,1.504336,-1.593128,-0.7724699,0.002399951,-0.07728697,-0.1180412,23.97368,121.2257,259.3865,
1903.311,0.2483576,-0.2706661,-0.04756232,1.75258,0.3892298,-0.3668256,0.1207049,-0.1400692,-0.342971,303.7206,103.3344,238.6454,-3.157038E-06,0.006114368,0.001211537,-0.004622184,0.4038427,-0.2628331,0.2543306,0.6681558,0.6219348,19.95963,249.3947,301.7164,0.297077,-0.2530679,-0.1189245,1.215463,-1.65117,-0.8603278,0.008256871,-0.07882556,-0.1192288,25.52931,120.6136,259.4667,
1917.855,0.2679084,-0.1339355,-0.0174183,1.705745,1.054289,-0.4400288,0.1245788,-0.1350231,-0.3415885,306.1436,101.9861,240.2374,0.0001738381,0.006760958,0.0008713569,-0.030238,0.3468614,-0.2342448,0.2543238,0.6681519,0.6220745,19.82593,249.3085,301.5052,0.3165833,-0.2302509,-0.09413245,1.182905,-1.621791,-1.063368,0.01337921,-0.07983754,-0.1209637,27.26207,120.2659,260.2264,
1931.997,0.2630323,0.01081085,0.04961889,1.311391,1.584298,-0.2396328,0.1265811,-0.1321956,-0.3373638,307.4677,101.0268,242.5668,-5.638477E-05,0.004551402,0.001093623,-0.02524344,0.1821747,-0.1459334,0.2543257,0.6681492,0.6221897,19.87531,249.4315,301.784,0.3290801,-0.2074001,-0.08427324,1.196221,-1.44715,-1.141733,0.01867379,-0.0813134,-0.1218889,28.63121,120.3292,261.1838,
1946.285,0.2108137,0.04771446,0.1142737,0.07543963,1.595864,-0.3589832,0.1274273,-0.1352851,-0.334645,306.2553,97.32603,246.6403,-4.909304E-05,0.001053854,0.0003568885,0.004889395,0.09312712,-0.05950196,0.2543241,0.6681477,0.6222311,19.95852,249.4817,301.9324,0.3161119,-0.1898636,-0.06447486,1.307865,-1.340887,-1.266109,0.02342892,-0.08208401,-0.1228338,30.21346,120.5899,262.5068,
1960.124,0.1577452,0.0407478,0.1417316,-0.6362143,1.267861,-0.9975905,0.1287265,-0.1362223,-0.3338443,305.6378,93.06422,249.5752,0.0001227397,-0.0001971115,-0.0004041085,0.005979892,0.03834192,-0.008354938,0.254319,0.6681463,0.6222503,19.97086,249.4826,301.9516,0.3216818,-0.1703209,-0.06824963,1.261006,-1.155163,-1.227889,0.02863619,-0.08316863,-0.1239347,31.29504,120.8501,263.5642,
1973.734,0.1329332,0.03616296,0.1575253,-0.3892422,0.8173793,-1.339582,0.1313427,-0.1355084,-0.3319726,306.1596,92.30381,249.0036,0.0001890198,-0.001323498,-0.0008249064,0.0121237,0.001104366,0.02729051,0.2543141,0.6681455,0.6222508,19.98562,249.4737,301.9566,0.3233514,-0.1569726,-0.07226476,1.190356,-0.9911924,-1.115832,0.03362874,-0.08450538,-0.1248372,32.1888,121.1986,264.4868,
1987.719,0.1335551,0.01044501,0.1419988,0.03683454,0.5858178,-1.298522,0.1335596,-0.1368377,-0.3314044,306.823,91.65308,248.7704,0.000236347,-0.001643417,-0.0010258,0.01169874,-0.01610557,0.04204058,0.2543074,0.6681449,0.6222405,20.01455,249.4663,301.9828,0.3108269,-0.1535611,-0.06096924,1.122953,-0.9685829,-1.04324,0.03785478,-0.08566986,-0.1251374,33.26772,121.4693,265.3068,
2001.505,0.1373011,-0.04009014,0.1017413,0.3681332,0.4651598,-1.144121,0.1357645,-0.1392857,-0.3316497,307.5026,91.19908,248.4924,0.0002698815,-0.0008606598,-0.0009694149,-0.0002029,-0.01695308,0.03401729,0.2543037,0.6681448,0.622228,20.02842,249.4632,302.0079,0.2827711,-0.1495199,-0.06497818,1.144258,-0.8663391,-0.9338083,0.04131122,-0.08739902,-0.1260955,34.1265,122.0797,266.2801,
2015.29,0.1448527,-0.08725451,0.05890328,0.6896256,0.3503436,-0.8692876,0.1381311,-0.1418361,-0.3322081,308.33,91.69363,247.4244,0.0002715478,-0.0001433095,-0.0008328455,-0.01084152,-0.02120834,0.02669012,0.2543043,0.6681451,0.6222181,20.03204,249.4625,302.0335,0.2661087,-0.1459377,-0.06349502,1.192298,-0.6864812,-1.162205,0.04539505,-0.08848149,-0.1269453,34.9607,122.5627,268.0432,
2029.608,0.1555366,-0.1304725,0.01514646,1.017442,0.2922994,-0.4793621,0.1407938,-0.1444826,-0.3329385,309.4147,92.86223,245.98,0.0002132975,-0.0004282202,-0.0007156228,-0.006166557,-0.0268114,0.02982934,0.2543071,0.668146,0.6222055,20.03743,249.4664,302.0696,0.2427056,-0.1691401,-0.0660232,1.408305,-0.6876264,-1.442151,0.04922786,-0.09120014,-0.1274099,36.18563,123.2636,270.2459,
2043.919,0.1672537,-0.1616566,-0.02263712,1.327435,0.3108498,-0.105126,0.1433754,-0.1468874,-0.33369,310.7554,94.17191,244.5022,0.0001536301,-0.001162664,-0.0006813846,0.005596557,-0.02760719,0.03654408,0.2543064,0.6681462,0.6221918,20.05457,249.4691,302.1035,0.2000076,-0.1955919,-0.05937642,1.697013,-0.7687979,-1.739702,0.05143769,-0.09304096,-0.128009,37.70847,124.4041,273.0819,
2056.316,0.1727531,-0.1732533,-0.04674627,1.498499,0.3571361,0.07205677,0.145772,-0.1488815,-0.3348093,312.0337,94.93585,243.4554,9.809947E-05,-0.001159149,-0.0005150422,0.008847584,-0.01972807,0.02976714,0.2543032,0.6681461,0.6221797,20.07136,249.4707,302.1253,0.1360432,-0.2092759,-0.0482845,2.026883,-0.9106807,-1.894756,0.05281294,-0.09478931,-0.1273857,39.36731,126.1992,276.309,
2070.253,0.1751814,-0.155048,-0.05691678,1.514809,0.4850463,0.1584617,0.1481648,-0.1489265,-0.3352048,313.3221,95.33067,243.0842,9.703635E-05,-0.001072608,-0.0004940883,0.008833268,-0.01384114,0.02582449,0.2542996,0.6681458,0.6221715,20.08589,249.4702,302.1398,0.1328036,-0.1848077,-0.05726343,2.004317,-0.4463767,-2.002195,0.05574249,-0.0964634,-0.1287237,39.58421,127.2385,279.2337,
2084.584,0.1720923,-0.09900699,-0.03821138,1.325777,0.6967962,0.2065071,0.150094,-0.1473865,-0.3338065,314.4143,95.39655,243.5428,1.94434E-06,-0.0002706504,-5.787869E-05,0.004057476,0.002246205,0.002591331,0.2542964,0.6681454,0.6221665,20.0939,249.4688,302.1443,0.1382621,-0.1274474,-0.07605002,1.969213,0.2721618,-1.939936,0.05747778,-0.09660823,-0.1292221,38.83192,128.2882,282.1155,
2098.974,0.1521417,-0.05201949,0.00828097,0.8483568,0.8099884,0.1499325,0.1508714,-0.1481877,-0.331343,314.5914,94.79054,244.6716,3.225662E-05,0.000686317,3.706934E-05,-0.007871628,0.01313586,-0.01332877,0.254297,0.6681454,0.6221701,20.08704,249.4637,302.1332,0.141315,-0.05638936,-0.07883161,2.018275,1.026904,-1.82252,0.05964105,-0.09640582,-0.1284582,37.47458,129.3877,285.1758,
2113.429,0.1143715,-0.05083912,0.03958855,0.2813158,0.6492577,-0.308461,0.1511926,-0.150827,-0.3312174,314.0249,92.55589,246.0937,-5.370457E-06,0.001665859,0.0003395847,-0.01943335,0.01604815,-0.02956539,0.2543016,0.6681459,0.6221794,20.06146,249.4589,302.11,0.1453826,-0.01846729,-0.04680241,2.033504,1.285628,-2.027286,0.06185811,-0.09652257,-0.1272946,36.90217,129.9065,288.3737,
2127.522,0.08804195,-0.05130773,0.05786566,0.2004959,0.318043,-0.7372701,0.152692,-0.1513165,-0.330754,314.1037,91.397,245.925,3.145351E-05,0.002469329,0.0003924199,-0.029195,0.02818589,-0.04372552,0.2543099,0.6681467,0.6221936,20.01898,249.4512,302.0732,0.1456755,-0.004571185,-0.001861211,1.906308,1.201164,-2.22772,0.06346833,-0.09608197,-0.1265829,37.00239,129.7827,290.9981,
2141.636,0.08687498,-0.04856941,0.0627912,0.379273,0.1923768,-0.8178175,0.1545547,-0.1516487,-0.3300138,314.7314,90.89969,245.7069,-1.045807E-05,0.00252887,0.0005335258,-0.02870004,0.02779701,-0.04665113,0.2543194,0.6681476,0.6222113,19.97972,249.4458,302.0376,0.1228518,0.01618056,0.02723929,1.813488,0.9581305,-2.158227,0.06428629,-0.09473743,-0.1251227,37.34449,130.0449,293.2178,
2153.025,0.09540989,-0.04690992,0.05951377,0.489598,0.2788934,-0.7400749,0.1563808,-0.1521411,-0.3293076,315.4763,90.4285,245.9677,3.360644E-05,0.001845606,0.0002694676,-0.02207572,0.02126472,-0.03224548,0.2543269,0.6681484,0.6222227,19.96005,249.4433,302.0226,0.1030571,0.0367399,0.04216079,1.633772,0.8191386,-1.926794,0.06478434,-0.09386835,-0.1245687,37.44298,130.2488,294.8931,
2168.217,0.1031746,-0.04622219,0.05693416,0.5052336,0.4089593,-0.5741054,0.157817,-0.1529537,-0.3282106,316.0959,90.16252,246.2767,1.420051E-05,0.001299671,0.0002190514,-0.0164823,0.00845266,-0.02022478,0.2543332,0.6681491,0.6222313,19.94319,249.4443,302.0134,0.06458119,0.04959011,0.03812119,1.220162,0.6811782,-1.265936,0.06376468,-0.09349516,-0.1241259,37.14469,130.5515,295.1383,
2182.657,0.1029017,-0.04917738,0.05742671,0.499654,0.4163305,-0.5020933,0.1591226,-0.1540471,-0.3272005,316.5392,89.72919,246.3802,-2.361034E-05,0.0005830167,0.0001874205,-0.006728074,0.002216144,-0.009997841,0.2543373,0.6681495,0.6222369,19.93267,249.4451,302.0059,0.01880757,0.04250141,0.02945454,0.4273204,0.6396405,-0.3571151,0.06195321,-0.09459576,-0.1238107,36.23649,130.1459,293.4366,
2194.434,0.1016405,-0.05558167,0.05999308,0.5403183,0.3763641,-0.5055354,0.1606707,-0.1552792,-0.3263572,317.0665,89.19133,246.3738,1.909543E-06,-2.362046E-06,-6.132437E-06,0.0005033342,0.002788178,-0.001150075,0.2543381,0.6681495,0.6222388,19.92975,249.4443,302.0021,-0.01482653,0.030927,0.02248958,-0.1169937,0.5392943,0.1996356,0.0603725,-0.09494273,-0.123836,35.52848,129.6496,291.8066,
2209.622,0.1050888,-0.06156427,0.06384871,0.632728,0.3770339,-0.4972385,0.1624753,-0.1562399,-0.3253628,317.8207,88.78703,246.3363,3.95873E-05,-0.0001767944,-0.0001528935,0.001408105,0.001483632,0.003821063,0.2543375,0.6681495,0.6222389,19.93105,249.443,302.0013,-0.04234397,0.02238039,0.0116128,-0.4892598,0.4436883,0.6082261,0.05889606,-0.09550957,-0.1237862,34.81656,129.2081,290.1032,
2224.131,0.1103277,-0.06687397,0.06757019,0.6913512,0.4362372,-0.4753792,0.1641725,-0.1572561,-0.3243199,318.585,88.34071,246.4986,4.850504E-05,-0.0001287141,-0.0001695812,0.002152254,0.01029434,-0.0003860447,0.2543362,0.6681492,0.62224,19.93329,249.4397,301.9962,-0.05291907,0.01106889,0.008421719,-0.6614766,0.3179346,0.6708427,0.05791463,-0.09567627,-0.1237834,34.45536,128.7088,288.8988,
2236.657,0.1127616,-0.06992993,0.07273029,0.6833428,0.4859142,-0.4655077,0.1657403,-0.1582358,-0.3230043,319.2541,87.83762,246.7498,2.017031E-05,0.0003619136,1.325171E-05,-0.001556309,0.02096464,-0.01331639,0.2543353,0.6681489,0.6222464,19.92846,249.4329,301.9768,-0.05279861,0.007300655,0.009385013,-0.6146616,0.2275913,0.5278691,0.05711698,-0.09560288,-0.1236769,34.3137,128.3797,288.3812,
2251.781,0.1118094,-0.07229922,0.08088139,0.6285213,0.520363,-0.504777,0.1671671,-0.1593816,-0.3215097,319.8095,87.10255,247.1756,9.462514E-06,0.0007552424,0.0001247771,-0.00587311,0.02450398,-0.02070102,0.254336,0.6681487,0.6222557,19.91617,249.4243,301.9499,-0.04588046,0.008916703,0.01387013,-0.5046253,0.2088003,0.2850314,0.05647717,-0.09539749,-0.123518,34.23067,128.0435,288.3018,
2266.269,0.1083425,-0.07338952,0.09123438,0.5857497,0.5315081,-0.5979519,0.1685832,-0.1604744,-0.3200043,320.3681,86.20061,247.608,2.646319E-05,0.001012778,0.0001271891,-0.01004174,0.0238205,-0.02283589,0.2543373,0.6681486,0.6222645,19.90366,249.417,301.9279,-0.03867655,0.009332212,0.01963348,-0.4237382,0.2222532,0.08871831,0.05581125,-0.09556549,-0.1232951,34.10309,127.6607,288.2828,
2279.729,0.1047661,-0.07357159,0.1003032,0.5875567,0.5282254,-0.6750191,0.1699694,-0.1615199,-0.3183881,320.9731,85.3243,247.9586,0.0003846304,0.002852081,-0.0005494549,-0.03381833,0.0896102,-0.05740127,0.2543408,0.6681484,0.6222859,19.83839,249.3549,301.8075,-0.0348032,0.01177046,0.02099847,-0.3588161,0.2833543,-0.002757072,0.05502034,-0.09568554,-0.1231024,33.81894,127.3571,288.2822,
2292.359,0.100381,-0.07429303,0.108616,0.6086959,0.5147018,-0.7457768,0.1712501,-0.1625868,-0.316778,321.5851,84.42406,248.2773,0.0001570318,0.001370651,-0.0001820581,-0.01859126,0.0262473,-0.0214698,0.2543474,0.6681487,0.6223071,19.83725,249.3664,301.8262,-0.03311442,0.01090477,0.02099977,-0.3030185,0.2987821,-0.0491363,0.05435873,-0.09570085,-0.1229636,33.58908,127.1184,288.2818,
2306.974,0.09645188,-0.07525425,0.1136593,0.6254451,0.5058863,-0.7819688,0.172486,-0.1636574,-0.3150338,322.1985,83.57037,248.6084,0.0001327331,0.00160082,-6.052868E-05,-0.02224335,0.01924622,-0.02266765,0.2543538,0.6681493,0.6223167,19.81238,249.3614,301.8098,-0.03142314,0.01008083,0.02001225,-0.2431189,0.3026158,-0.0949329,0.05373787,-0.09578496,-0.1226961,33.40516,126.9202,288.3503,
2321.646,0.0919016,-0.07684838,0.1170908,0.6278789,0.5052252,-0.8047842,0.1735902,-0.1648651,-0.3135511,322.7852,82.68972,248.968,0.0001495283,0.00194505,-3.560513E-05,-0.02640939,0.0244956,-0.02870533,0.254361,0.66815,0.6223269,19.78184,249.3521,301.7871,-0.02851321,0.009678438,0.01836944,-0.1984179,0.29827,-0.1248252,0.05325282,-0.09589115,-0.1226003,33.23885,126.7301,288.4197,
2335.307,0.08836405,-0.0780858,0.1178452,0.6211843,0.5086673,-0.806524,0.1747157,-0.1660988,-0.312052,323.3564,81.86851,249.3224,8.746457E-05,0.002435586,0.0002558046,-0.03095203,0.0247696,-0.03876371,0.2543699,0.6681508,0.6223397,19.74317,249.3445,301.7596,-0.02381183,0.007148922,0.01809458,-0.1589493,0.2868257,-0.1696406,0.0528994,-0.09588657,-0.1224498,33.1241,126.5245,288.531,
2349.674,0.08666705,-0.07828373,0.1162914,0.6227287,0.5166293,-0.7810516,0.1760069,-0.1672051,-0.3106176,323.9644,81.11974,249.6314,7.417681E-05,0.003422952,0.0005150675,-0.04092187,0.03968009,-0.05938571,0.2543812,0.6681519,0.6223577,19.68076,249.3316,301.707,-0.0186086,0.008694937,0.01645906,-0.1769974,0.3055267,-0.1476872,0.05255867,-0.09598786,-0.1224008,32.86499,126.2821,288.4828,
2364.061,0.08723171,-0.07690264,0.1118075,0.6528439,0.5025816,-0.7227871,0.1773669,-0.1681612,-0.3093053,324.6064,80.51611,249.7789,0.0003349056,0.005812449,0.0003068541,-0.06505537,0.1232381,-0.1140596,0.2543993,0.6681531,0.6223966,19.5091,249.2486,301.4824,-0.01414799,0.01107909,0.01408825,-0.1605405,0.3243794,-0.1373458,0.05219299,-0.09608492,-0.1223425,32.61101,126.1076,288.5248,
2376.439,0.08776464,-0.07523419,0.10353,0.6870121,0.4714397,-0.6440997,0.1786649,-0.169099,-0.308225,325.2354,80.05964,249.7947,0.0004561925,0.01245696,0.001743768,-0.1473489,0.1641512,-0.2149553,0.2544352,0.6681551,0.6224754,19.0111,249.1407,301.0685,-0.01317978,0.009371673,0.01516214,-0.1558754,0.3192498,-0.11608,0.05171015,-0.09633224,-0.122197,32.38507,125.9426,288.5204,
2390.344,0.08741174,-0.0731912,0.09391226,0.6958869,0.4470033,-0.5625538,0.1798923,-0.1700567,-0.3072368,325.8106,79.65853,249.8476,0.0001861902,0.009142545,0.001705638,-0.1043143,0.1185519,-0.165317,0.2544756,0.6681578,0.6225474,19.06137,249.1694,301.1122,-0.01298653,0.007859705,0.01809028,-0.1635473,0.3068336,-0.08797292,0.05136244,-0.09616289,-0.1218405,32.16331,125.776,288.4702,
2404.742,0.08543435,-0.07083388,0.0837065,0.6719358,0.4255323,-0.4798119,0.1810254,-0.1708969,-0.3063352,326.3509,79.31229,249.9224,0.0001033288,0.006863374,0.001394315,-0.07721883,0.08924601,-0.1263576,0.2545029,0.6681592,0.6226007,19.05851,249.1701,301.1033,-0.01336149,0.008587454,0.02008869,-0.1120232,0.3025904,-0.09837519,0.05109745,-0.09637269,-0.121424,31.97575,125.6948,288.5926,
2419.028,0.08134983,-0.06699786,0.07298702,0.6283636,0.4040872,-0.4084579,0.1820258,-0.1716915,-0.30558,326.8372,79.00814,249.9958,7.033837E-05,0.0059975,0.001295042,-0.06891999,0.06666298,-0.1068541,0.2545235,0.6681603,0.6226369,19.01162,249.1709,301.0765,-0.009020243,0.01308159,0.02162564,-0.08124803,0.3214053,-0.1180219,0.05094555,-0.09615409,-0.1210955,31.76471,125.5793,288.7461,
2432.677,0.0770034,-0.06239374,0.0641899,0.5865082,0.3784352,-0.3425465,0.1829373,-0.1724579,-0.3049648,327.2827,78.77503,250.0298,1.277574E-05,0.004188115,0.001022489,-0.04733016,0.04451651,-0.07584658,0.254549,0.6681619,0.622676,18.97589,249.1677,301.0524,-0.00207566,0.01759654,0.02270604,-0.0756963,0.3349186,-0.112916,0.05098565,-0.09587812,-0.1207034,31.52727,125.4598,288.8465,
2447.055,0.07160829,-0.05583138,0.05322386,0.5343294,0.3371876,-0.2706694,0.1837816,-0.173114,-0.3045217,327.6437,78.63431,250.0116,7.912433E-06,0.001037396,0.0002385822,-0.01214869,0.009625311,-0.01794431,0.2545582,0.6681625,0.6226889,18.99125,249.1709,301.0683,0.003897893,0.01923159,0.02402761,-0.08075254,0.3374283,-0.1151488,0.05105444,-0.09596653,-0.1202786,31.29552,125.3065,288.9152,
2461.576,0.0660613,-0.04948764,0.04312907,0.4729345,0.2985798,-0.1997048,0.1845671,-0.1735938,-0.3041556,327.9645,78.55811,249.9992,-1.093844E-05,-0.000231285,-2.587436E-05,0.003263747,-0.0007478985,0.002909458,0.2545595,0.6681626,0.6226904,18.99011,249.1725,301.0681,0.01206279,0.01994166,0.02519287,-0.09784402,0.3329701,-0.1310732,0.05122257,-0.09577832,-0.1200042,31.09636,125.0957,288.9598,
2474.006,0.06011786,-0.04332051,0.03347673,0.4080229,0.2634456,-0.1378664,0.1852701,-0.1740788,-0.303889,328.219,78.51536,249.991,-1.693084E-05,-0.0008514831,-0.0001643341,0.01028128,-0.008042599,0.01421706,0.2545573,0.6681624,0.6226873,19.00041,249.1735,301.0752,0.01796407,0.01959638,0.02462469,-0.08680246,0.3252957,-0.140973,0.05153055,-0.09573488,-0.1196538,30.91487,124.9407,289.0536,
2488.253,0.0536687,-0.03795401,0.02552244,0.34893,0.2368938,-0.08797825,0.1858227,-0.1744775,-0.3037281,328.4465,78.49512,249.9935,-1.956242E-05,-0.001204747,-0.0002444702,0.01379295,-0.01468481,0.0217488,0.2545534,0.6681622,0.622681,19.01767,249.1761,301.09,0.02069821,0.02001409,0.02391167,-0.04498579,0.326443,-0.1505421,0.05167666,-0.0955604,-0.1193613,30.74811,124.8622,289.2558,
2502.708,0.04602106,-0.03182151,0.01857063,0.2912437,0.1973922,-0.04424078,0.1862517,-0.1747009,-0.3035798,328.6161,78.52737,249.9405,7.054448E-06,-0.001338806,-0.000355632,0.01390762,-0.01903953,0.02689066,0.2545479,0.6681621,0.6226694,19.04235,249.1813,301.1155,0.01912354,0.01831393,0.02283188,-0.01039104,0.3026731,-0.1399749,0.0517612,-0.09548745,-0.1189689,30.62229,124.8307,289.4273,
2516.134,0.03680347,-0.0247984,0.01184057,0.232797,0.1450215,-0.01968253,0.1865197,-0.1748778,-0.3035482,328.691,78.53967,249.8912,1.102625E-05,-0.001577693,-0.0004253323,0.01604074,-0.02387961,0.03244999,0.2545439,0.668162,0.6226597,19.06365,249.1865,301.1397,0.01631605,0.0160275,0.02062978,0.01182436,0.2707962,-0.1099588,0.05186933,-0.09544321,-0.1187363,30.50768,124.8356,289.5558,
2530.456,0.02817782,-0.01794769,0.006767353,0.1772517,0.09630829,0.001446377,0.1866778,-0.1749557,-0.3036118,328.7295,78.56941,249.8432,-5.696015E-05,-0.001472647,-0.0001949219,0.01646133,-0.02584117,0.02812895,0.2545388,0.6681619,0.6226479,19.08603,249.194,301.1651,0.01467328,0.01290687,0.01658086,0.0259747,0.2337811,-0.07834937,0.0519966,-0.09546171,-0.1185259,30.42626,124.8664,289.6466,
2544.857,0.02031675,-0.01164936,0.001865579,0.1157828,0.06182921,0.01900676,0.1867932,-0.1749976,-0.3037088,328.7199,78.61947,249.8371,-6.66882E-05,-0.001348467,-0.0001335994,0.01571632,-0.02275403,0.0245764,0.2545334,0.6681618,0.6226348,19.1086,249.1998,301.1893,0.01340303,0.008183793,0.01229031,0.01537194,0.1886714,-0.04111166,0.05202474,-0.09560022,-0.1184935,30.40724,124.8883,289.621,
2558.389,0.01376778,-0.006386541,-0.002461439,0.05349149,0.03861683,0.04639984,0.1871233,-0.1751918,-0.3036829,328.6888,78.73247,249.8224,1.68217E-05,-0.0008715162,-0.0002641339,0.009024939,-0.01057426,0.01738868,0.2545297,0.6681616,0.6226279,19.11992,249.2013,301.1992,0.01257362,0.002984706,0.007839664,-0.01980855,0.1483808,-0.002627637,0.05206317,-0.09566896,-0.1184135,30.35994,124.8742,289.5656,
2572.743,0.007472896,-0.001618999,-0.006530674,0.002974279,0.01319078,0.0744926,0.1870767,-0.1751151,-0.3039059,328.6237,78.84639,249.7957,4.188588E-05,-0.0004133691,-0.0002259757,0.003493226,-0.003454941,0.009430612,0.2545269,0.6681615,0.6226237,19.12852,249.2025,301.205,0.01123133,-0.002224983,0.00399677,-0.04304671,0.1006739,0.02250061,0.05212357,-0.09574547,-0.1183421,30.32044,124.8568,289.5178,
2586.349,0.002501831,0.001973103,-0.009595145,-0.03364953,-0.004812216,0.08579411,0.1869923,-0.1749899,-0.3041528,328.5432,78.94785,249.7828,-1.577327E-06,0.0001503221,4.153442E-05,-0.001628164,0.001671605,-0.002861174,0.2545262,0.6681613,0.6226239,19.12954,249.2021,301.2035,0.01058523,-0.005262604,0.0007286989,-0.04738566,0.07752176,0.03660777,0.05218869,-0.09586613,-0.118256,30.25296,124.8449,289.4869,
2600.29,-0.002675634,0.005526597,-0.01180037,-0.06203075,-0.03611934,0.08905583,0.1868391,-0.1748157,-0.3044153,328.4332,79.0443,249.7203,8.239076E-07,0.0005037707,0.0001211528,-0.005142773,0.008297576,-0.01040832,0.2545272,0.6681613,0.6226261,19.12436,249.201,301.1979,0.008912798,-0.006625109,-0.001202426,-0.03053288,0.06056003,0.0289586,0.05222289,-0.09595215,-0.1181958,30.21587,124.8434,289.4843,
2614.911,-0.006804506,0.00824397,-0.01289103,-0.08150885,-0.05826898,0.08310161,0.186627,-0.1746251,-0.3046432,328.3092,79.11309,249.6984,-6.349514E-06,0.0008951972,0.0002392659,-0.009402088,0.01200381,-0.0177508,0.25453,0.6681613,0.6226332,19.10969,249.1977,301.1814,0.008327667,-0.007504332,-0.001658754,-0.01956029,0.04995331,0.02288941,0.05225913,-0.09605487,-0.1181461,30.183,124.8426,289.4851,
2628.993,-0.01099056,0.01063124,-0.0129361,-0.1078078,-0.07193153,0.07341427,0.1861797,-0.1743408,-0.3047862,328.166,79.16364,249.713,3.53237E-05,0.001343564,0.0002270701,-0.01556507,0.01784754,-0.02412291,0.2545341,0.6681616,0.6226416,19.08927,249.1924,301.1614,0.007490302,-0.008354973,-0.001701306,-0.01080439,0.04052006,0.01519253,0.05228514,-0.09616297,-0.1181091,30.15633,124.839,289.4875,
2640.103,-0.01364318,0.01212188,-0.01213633,-0.1257096,-0.0779025,0.06488507,0.1858889,-0.1741472,-0.3048976,328.0269,79.21861,249.7235,6.787643E-05,0.001410296,0.0001479866,-0.01683456,0.02127704,-0.02472398,0.2545377,0.6681616,0.6226501,19.07179,249.1876,301.1418,0.005919709,-0.007271527,-0.001940076,-0.002394523,0.04316662,0.01936268,0.0522997,-0.0962522,-0.1180776,30.12368,124.8469,289.4955,
2655.718,-0.01586775,0.01325673,-0.01127347,-0.14067,-0.08331612,0.04986077,0.1856267,-0.1739703,-0.3050551,327.8802,79.24242,249.746,3.897328E-05,0.001610423,0.0002860201,-0.01906843,0.01851479,-0.02788629,0.2545438,0.6681619,0.6226618,19.0457,249.1836,301.1187,0.004420121,-0.005640998,-0.001964514,0.002960685,0.05399427,0.02256322,0.05227375,-0.09633872,-0.1180259,30.0753,124.8611,289.5158,
2670.106,-0.0168992,0.01355897,-0.01055329,-0.1435626,-0.0836288,0.03855598,0.1853713,-0.1738068,-0.3052302,327.7536,79.25821,249.7661,2.9858E-05,0.001228695,0.0002190648,-0.0141747,0.01610302,-0.02211291,0.2545487,0.6681621,0.6226716,19.02809,249.1801,301.1009,0.003771058,-0.005088,-0.001177963,0.001816387,0.05579501,0.0226729,0.05224062,-0.09642027,-0.1179597,30.02855,124.8739,289.5307,
2683.415,-0.01725983,0.01317645,-0.009785183,-0.1413011,-0.08737745,0.03525696,0.1851009,-0.1736265,-0.3053138,327.6271,79.30423,249.7585,4.993906E-05,0.0009801607,9.767372E-05,-0.01267962,0.009952859,-0.01499243,0.2545528,0.6681623,0.6226782,19.01446,249.1773,301.0905,0.003006301,-0.004055512,0.0004207993,0.0009946963,0.05787395,0.01979566,0.05216311,-0.09647042,-0.1178669,29.9828,124.882,289.5442,
2695.992,-0.01724417,0.01289727,-0.008710928,-0.1309644,-0.08941613,0.03272165,0.1848039,-0.1734427,-0.3054056,327.5195,79.33321,249.7474,6.999758E-05,0.0003122351,-0.0001299342,-0.005552243,0.004295705,-0.002299605,0.2545549,0.6681624,0.6226817,19.00866,249.1748,301.0853,0.002034071,-0.002043581,0.00184963,0.001224825,0.06799488,0.02398406,0.05207616,-0.0965108,-0.1177555,29.92345,124.8929,289.5624,
2710.314,-0.01671926,0.01227001,-0.007264965,-0.1241675,-0.08561237,0.02813933,0.1845525,-0.1732666,-0.3054092,327.4187,79.36111,249.7573,5.723122E-05,8.320231E-05,-0.0001495382,-0.00278869,0.000725078,0.001670621,0.2545558,0.6681625,0.6226833,19.00552,249.1727,301.0832,0.001786296,-0.001237186,0.00419532,-0.002731141,0.07353643,0.005918162,0.05197529,-0.09653874,-0.1176209,29.86732,124.8886,289.5849,
2724.172,-0.01564501,0.01156539,-0.005054345,-0.1138774,-0.07439424,0.02717582,0.1843391,-0.1731093,-0.3053861,327.3434,79.39503,249.761,3.452455E-05,-2.163008E-05,-0.0001082897,-0.0007712434,0.0002343203,0.002083531,0.2545558,0.6681625,0.622683,19.00505,249.1706,301.0826,0.001026342,0.002133517,0.003831797,0.006206486,0.08659831,0.01138456,0.0518433,-0.09650445,-0.1174649,29.79588,124.8999,289.6193,
2738.988,-0.01441575,0.01061198,-0.002479855,-0.1021981,-0.06021842,0.02536155,0.1840804,-0.1729247,-0.3054654,327.2816,79.40557,249.7845,8.277278E-06,0.0001122601,3.637069E-06,-0.0008806065,0.004609768,-0.003045281,0.2545563,0.6681625,0.6226837,19.00288,249.1682,301.0808,0.001506749,0.005345679,0.003524076,0.01442931,0.08723573,-0.007415621,0.05173199,-0.09641555,-0.1173407,29.74029,124.8994,289.6688,
2753.281,-0.01363903,0.009375014,0.0004676168,-0.09406461,-0.04536895,0.01666085,0.1838618,-0.1728108,-0.3053844,327.2246,79.40153,249.8201,-4.886699E-06,0.0003889275,0.0001126724,-0.003751478,0.006549655,-0.00839817,0.2545573,0.6681625,0.6226868,18.99777,249.1671,301.0747,0.002474647,0.008415765,0.002619765,0.01318494,0.09175923,-0.01609802,0.05158705,-0.09629153,-0.1171921,29.67828,124.8924,289.7208,
2767.377,-0.01393683,0.007930711,0.003041937,-0.09491009,-0.03547125,-0.006751202,0.183608,-0.1727285,-0.3052799,327.1494,79.32563,249.8987,-1.477362E-05,0.000513087,0.0001736718,-0.004496943,0.009633197,-0.01195244,0.2545584,0.6681624,0.622691,18.99082,249.1665,301.0637,0.003150787,0.01010095,0.001738412,0.006608361,0.09012038,-0.01383924,0.05147283,-0.09618144,-0.1170805,29.62303,124.8825,289.7566,
2781.654,-0.01502679,0.006562151,0.005771485,-0.0960454,-0.03769562,-0.04980102,0.1833027,-0.1726556,-0.3051227,327.0559,79.19586,249.9817,-6.983455E-05,0.0003412802,0.0002944588,-0.001206065,0.005725741,-0.01093793,0.2545591,0.6681623,0.6226954,18.98582,249.1668,301.0542,0.003365518,0.007963972,0.0004425047,0.001914917,0.06436425,-0.009525448,0.05130587,-0.09609932,-0.1169519,29.59708,124.8781,289.7715,
2793.971,-0.01581643,0.006518424,0.007897425,-0.09401726,-0.04041751,-0.07916623,0.1830049,-0.1725479,-0.304945,326.9684,79.07133,250.0563,-3.714865E-05,-9.745704E-05,8.606016E-05,0.003153199,0.003630969,-0.002215817,0.2545589,0.6681622,0.6226981,18.98478,249.1676,301.0479,0.002949591,0.005934383,-0.00070344,-0.01068219,0.05320092,0.01842623,0.05116811,-0.09601997,-0.1168404,29.55629,124.8785,289.7705,
2808.529,-0.01588016,0.006255917,0.008711503,-0.09379609,-0.04299699,-0.1013259,0.1827323,-0.1724499,-0.3047914,326.8811,78.94785,250.1383,-2.399108E-05,-0.0003740639,-2.310142E-05,0.006023896,0.001690664,0.003136765,0.2545576,0.6681619,0.6226984,18.98812,249.1693,301.0464,0.002473591,0.003692209,-0.00158595,-0.01055009,0.0450406,0.04506844,0.05104636,-0.09596794,-0.1167338,29.5066,124.8949,289.7635,
2822.933,-0.01465286,0.00599852,0.008263217,-0.08590172,-0.04135688,-0.1016074,0.1825284,-0.1723654,-0.3046879,326.819,78.88107,250.188,-4.616233E-05,-0.0009845571,-0.0001107219,0.01367781,-0.004306983,0.01287161,0.2545538,0.6681615,0.622696,19.00161,249.172,301.0499,0.003124727,0.0005011857,-0.002681144,-0.002645277,0.03209108,0.05522286,0.050982,-0.09596179,-0.1167582,29.46504,124.9235,289.7577,
2836.637,-0.01282735,0.005572331,0.006531211,-0.07506006,-0.03741367,-0.08848676,0.1823736,-0.1722931,-0.3046447,326.7709,78.83717,250.2142,1.114677E-08,-0.001280566,-0.0003215986,0.01528092,-0.008825621,0.02137133,0.2545483,0.6681611,0.6226907,19.02183,249.1739,301.0605,0.003976201,-0.0005912387,-0.003847522,0.01200698,0.03118585,0.05676956,0.05097277,-0.09597884,-0.1168061,29.42457,124.9675,289.765,
2850.656,-0.01000122,0.004622256,0.003467465,-0.06440209,-0.03425787,-0.06182019,0.1822813,-0.1722592,-0.3046794,326.735,78.84383,250.2182,-5.93318E-06,-0.001395176,-0.0003309884,0.01666499,-0.0105976,0.02336135,0.2545423,0.6681606,0.6226838,19.04318,249.1748,301.0727,0.005285128,-0.0007861577,-0.004165377,0.02796753,0.03884185,0.05178266,0.05091924,-0.09597503,-0.1167193,29.38025,125.0236,289.7956,
2864.981,-0.006616792,0.003769144,-3.068463E-05,-0.04752404,-0.03078577,-0.02691236,0.1822504,-0.1722394,-0.304772,326.7108,78.89877,250.1898,2.993969E-05,-0.001147642,-0.0003748358,0.01188815,-0.01253563,0.02273031,0.2545367,0.6681601,0.622676,19.06181,249.1764,301.086,0.00711504,-0.000980695,-0.003317419,0.04169584,0.04793303,0.03450663,0.05089083,-0.09597082,-0.1165633,29.34016,125.0745,289.8471,
2877.426,-0.002810036,0.002710538,-0.002973724,-0.02819409,-0.01871351,0.01631233,0.1822903,-0.1722364,-0.3048888,326.7295,79.00399,250.1369,-5.925209E-06,-0.000975847,-0.000224453,0.01103429,-0.01108837,0.0177913,0.2545327,0.66816,0.6226702,19.07572,249.1785,301.0958,0.007876889,-0.0004285953,-0.001975153,0.05178024,0.05697493,0.02754092,0.0508939,-0.09595564,-0.1164107,29.30018,125.125,289.91,
2891.988,0.0004577467,0.001185342,-0.005267082,-0.0123042,-0.01005111,0.04976292,0.1823571,-0.1722533,-0.3050188,326.756,79.11111,250.0801,2.266305E-05,-0.0006702857,-0.0002333995,0.007629471,-0.002812473,0.01163498,0.2545294,0.6681597,0.6226653,19.08605,249.1785,301.1027,0.010006,-0.0008512735,-0.0001346096,0.05407446,0.05145729,0.004302712,0.05100543,-0.09593263,-0.1163071,29.27233,125.1649,289.9836,
2906.552,0.003131666,-0.0001469501,-0.006541715,0.006074885,-0.001741632,0.07246126,0.1824414,-0.1722821,-0.3051362,326.7988,79.20734,250.0255,2.102932E-05,0.0002550731,4.70563E-07,-0.00364443,0.002164668,-0.003273208,0.2545288,0.6681597,0.6226642,19.08729,249.179,301.1044,0.0115016,-0.0002893442,0.001222386,0.04939248,0.04888622,-0.01022732,0.05112046,-0.0959013,-0.1162059,29.25261,125.1867,290.044,
2920.347,0.00491286,-0.001179321,-0.006141813,0.01819971,0.003539882,0.076113,0.1825423,-0.1723233,-0.3052002,326.8264,79.26982,249.9786,-5.364378E-06,0.0003890184,0.0001123187,-0.003757388,0.006530384,-0.008410299,0.2545295,0.6681597,0.6226662,19.08346,249.1792,301.0995,0.01201292,0.001010411,0.001821318,0.04644125,0.05218857,-0.01471391,0.05129153,-0.09583306,-0.1161095,29.22708,125.2068,290.1066,
2934.007,0.006334503,-0.001882651,-0.005132199,0.02962393,0.008818515,0.06655698,0.1826608,-0.1723665,-0.3052326,326.8661,79.30212,249.9442,4.176574E-06,0.0006843116,0.0001573637,-0.008644176,0.002947482,-0.01042272,0.2545318,0.6681598,0.62267,19.07444,249.1796,301.0935,0.01197016,0.001548986,0.001579262,0.04017267,0.05573641,-0.01192239,0.0514295,-0.09579158,-0.1160471,29.20277,125.219,290.1483,
2948.347,0.007649214,-0.003008845,-0.003555237,0.04138069,0.01553863,0.05003685,0.1827844,-0.1724317,-0.3052281,326.9332,79.30375,249.9254,-2.37015E-06,0.0006560019,0.0001702756,-0.007265574,0.007171411,-0.01218869,0.2545348,0.66816,0.6226742,19.06311,249.1784,301.0845,0.01118921,0.0009719716,0.001483632,0.02420012,0.04807168,-0.006973569,0.05152226,-0.0957299,-0.1158925,29.17766,125.2257,290.1829,
2962.708,0.0083505,-0.004270837,-0.001737194,0.05116661,0.02049049,0.03207885,0.1828916,-0.1725093,-0.3051936,326.9841,79.29893,249.9091,3.66405E-05,0.000751135,7.80445E-05,-0.00991817,0.006369761,-0.0110271,0.254537,0.6681601,0.6226776,19.05466,249.1781,301.0783,0.009590287,0.0009781941,0.000298074,0.02663225,0.0517983,0.006018586,0.05151761,-0.09569824,-0.1156686,29.14385,125.2443,290.2154,
2975.056,0.008406681,-0.00523872,0.0002751946,0.05476916,0.02488621,0.01712829,0.182987,-0.1725964,-0.3051262,327.0321,79.27882,249.9081,-2.211149E-06,0.0006559459,0.0001704941,-0.007264793,0.007177326,-0.01218568,0.2545399,0.6681604,0.6226817,19.04412,249.177,301.0706,0.006551411,7.563189E-05,0.001486617,0.02871393,0.03601469,-0.01082604,0.05096031,-0.09553842,-0.1150636,29.13213,125.2542,290.2516,
2989.597,0.007872016,-0.005963032,0.002366791,0.0526602,0.03224927,-0.004284512,0.1830498,-0.1727017,-0.3050154,327.0775,79.21906,249.9363,5.014191E-05,0.0004744392,-3.073761E-05,-0.007044615,0.004441405,-0.005670571,0.2545421,0.6681605,0.6226848,19.0372,249.1764,301.0669,-0.003584347,0.002739808,0.007693556,0.03223331,0.03121451,-0.03234314,0.04790478,-0.09479076,-0.1126629,29.12316,125.2557,290.3145,
3004.087,0.006995202,-0.006222,0.004094413,0.05104494,0.03075029,-0.02364097,0.1830913,-0.1727981,-0.3048904,327.1177,79.15999,249.9607,9.580012E-05,0.000264684,-0.0002192448,-0.005446909,0.005925694,-0.0009189775,0.2545435,0.6681606,0.6226865,19.03209,249.1744,301.0628,-0.01643546,0.004424366,0.01462988,0.02253647,0.01724938,-0.02132845,0.04419568,-0.09393467,-0.1098004,29.11639,125.2564,290.3712,
3018.167,0.006151714,-0.005709582,0.005326609,0.0519691,0.02769107,-0.0368728,0.1831351,-0.1728564,-0.3047672,327.1557,79.10654,249.9555,4.717875E-05,0.0002074488,-8.863726E-05,-0.003536582,0.003802616,-0.001888131,0.2545441,0.6681606,0.6226877,19.02982,249.1747,301.0605,-0.02266947,0.001988745,0.01901235,-0.01317281,0.001775717,-0.001431725,0.04253845,-0.09369764,-0.1082591,29.10626,125.2338,290.3424,
3030.541,0.005581913,-0.005049821,0.005687854,0.05118505,0.02430567,-0.03954177,0.1831839,-0.172898,-0.3046665,327.1864,79.07224,249.9553,2.121328E-05,0.0002550573,7.414469E-07,-0.003643841,0.002169247,-0.003270831,0.254545,0.6681607,0.6226887,19.02676,249.1746,301.059,-0.02035997,-0.003200004,0.02071431,-0.04898976,-0.02901367,0.02131454,0.04267256,-0.09396951,-0.1077779,29.11704,125.2005,290.2466,
3044.232,0.005528221,-0.004819803,0.005049236,0.04936571,0.02281011,-0.0321284,0.1832494,-0.1729488,-0.3046053,327.2305,79.06492,249.9532,-8.092841E-06,0.000121927,5.472493E-05,-0.0002484446,0.005903205,-0.004618847,0.2545454,0.6681607,0.6226901,19.02478,249.1741,301.0556,-0.01751113,-0.004067493,0.0226416,-0.03370411,-0.02163493,0.01175802,0.04291744,-0.09408468,-0.1074702,29.12588,125.1871,290.2339,
3059.313,0.005165897,-0.004436341,0.004024535,0.04793356,0.02320805,-0.01507236,0.1832981,-0.172989,-0.3045686,327.2652,79.09024,249.9263,4.719277E-05,0.0002074589,-8.86062E-05,-0.003536651,0.00380285,-0.001887531,0.2545459,0.6681607,0.6226912,19.02262,249.1735,301.0535,-0.01477705,-0.005560573,0.02474167,-0.02668432,-0.01933279,-0.003971551,0.04316102,-0.0944081,-0.1072575,29.1361,125.1668,290.2279,
3073.447,0.004159853,-0.00381891,0.002806223,0.03901481,0.02003071,-0.002110789,0.1833168,-0.1730154,-0.304555,327.2794,79.11315,249.9136,5.228815E-06,0.0001784739,2.923791E-05,-0.003003577,-0.002543114,-0.001096494,0.2545463,0.6681607,0.6226918,19.02098,249.1731,301.0526,-0.01271037,-0.01439496,0.02808779,-0.1074356,-0.06898382,0.0328986,0.04313014,-0.09502829,-0.1066255,29.17609,125.0402,289.9462,
3087.435,0.002496422,-0.002807782,0.001916868,0.0224275,0.01512363,0.003252863,0.1832808,-0.1730236,-0.3045369,327.2673,79.10642,249.9401,8.541053E-06,2.602057E-05,-1.892824E-05,-0.0008787225,-0.001399258,0.0007001346,0.2545462,0.6681607,0.6226919,19.02123,249.173,301.0521,-0.01298225,-0.01536616,0.02695301,-0.1925125,-0.08458565,0.08740702,0.04261105,-0.0950822,-0.1069183,29.12261,124.8648,289.4916,
3101.894,0.0004469759,-0.001451041,0.0008941038,0.003566093,0.007713558,0.0006443794,0.1832058,-0.1730051,-0.3045385,327.2608,79.10301,249.9414,1.488566E-05,0.0001405381,-9.074198E-06,-0.002261221,0.000385228,-0.001285266,0.2545466,0.6681607,0.6226922,19.02018,249.1733,301.0518,-0.01189717,-0.01820321,0.03106714,-0.143016,-0.08779374,0.06540342,0.04287525,-0.09563757,-0.1061315,29.16521,124.853,289.4221,
